formula,T,Cp
B2O3,1400.0,134.306
B2O3,1300.0,131.29399999999998
B2O3,1200.0,128.072
B2O3,1100.0,124.516
B2O3,1000.0,120.625
B2O3,900.0,116.19
B2O3,800.0,111.169
B2O3,723.0,106.69200000000001
B2O3,700.0,105.228
B2O3,600.0,98.115
B2O3,500.0,89.287
B2O3,400.0,77.94800000000002
B2O3,300.0,62.927
B2O3,298.0,62.588
Be1I2,1400.0,89.34100000000002
Be1I2,1300.0,89.115
Be1I2,1200.0,88.78
Be1I2,1100.0,88.337
Be1I2,1000.0,87.789
Be1I2,900.0,87.132
Be1I2,800.0,86.366
Be1I2,753.0,85.944
Be1I2,600.0,84.19
Be1I2,500.0,81.638
Be1I2,400.0,76.868
Be1I2,300.0,69.128
Be1I2,298.0,68.961
Be1F3Li1,1100.0,192.46400000000003
Be1F3Li1,1000.0,179.912
Be1F3Li1,900.0,167.36
Be1F3Li1,800.0,154.808
Be1F3Li1,700.0,142.256
Be1F3Li1,650.0,135.98
Be1F3Li1,600.0,129.704
Be1F3Li1,500.0,117.152
Be1F3Li1,400.0,104.6
Be1F3Li1,300.0,92.04799999999999
Be1F3Li1,298.0,91.816
Al1Cl4K1,900.0,199.995
Al1Cl4K1,800.0,196.648
Al1Cl4K1,700.0,190.79
Al1Cl4K1,600.0,183.176
Al1Cl4K1,500.0,174.305
Al1Cl4K1,400.0,165.477
Al1Cl4K1,300.0,156.649
Al1Cl4K1,298.0,156.482
Al2Be1O4,2300.0,248.548
Al2Be1O4,2200.0,233.09799999999998
Al2Be1O4,2146.0,226.25
Al2Be1O4,2100.0,220.19
Al2Be1O4,2000.0,209.49
Al2Be1O4,1900.0,201.57
Al2Be1O4,1800.0,195.79
Al2Be1O4,1700.0,191.56
Al2Be1O4,1600.0,188.41
Al2Be1O4,1500.0,185.91
Al2Be1O4,1400.0,183.75
Al2Be1O4,1300.0,181.67
Al2Be1O4,1200.0,179.48
Al2Be1O4,1100.0,177.03
Al2Be1O4,1000.0,174.2
Al2Be1O4,900.0,170.87
Al2Be1O4,800.0,166.83
Al2Be1O4,700.0,161.75
Al2Be1O4,600.0,154.97
Al2Be1O4,500.0,145.25
Al2Be1O4,400.0,130.28
Al2Be1O4,300.0,105.94
Al2Be1O4,298.0,105.38
B2H4O4,1400.0,258.99
B2H4O4,1300.0,253.801
B2H4O4,1200.0,247.442
B2H4O4,1100.0,239.99400000000003
B2H4O4,1000.0,231.333
B2H4O4,900.0,221.459
B2H4O4,800.0,210.41299999999998
B2H4O4,700.0,197.025
B2H4O4,600.0,181.71099999999998
B2H4O4,500.0,163.762
B2H4O4,400.0,143.135
B2H4O4,300.0,116.775
B2H4O4,298.0,116.19
Be1F2,1200.0,87.529
Be1F2,1100.0,84.182
Be1F2,1000.0,80.835
Be1F2,900.0,77.488
Be1F2,825.0,74.977
Be1F2,800.0,74.14
Be1F2,700.0,70.793
Be1F2,600.0,67.446
Be1F2,500.0,76.048
Be1F2,500.0,76.048
Be1F2,500.0,64.09899999999999
Be1F2,400.0,62.522
Be1F2,300.0,52.028
Be1F2,298.0,51.818999999999996
B1H4Na1,1900.0,133.679
B1H4Na1,1800.0,133.553
B1H4Na1,1700.0,133.511
B1H4Na1,1600.0,133.428
B1H4Na1,1500.0,133.30200000000002
B1H4Na1,1400.0,133.135
B1H4Na1,1300.0,132.675
B1H4Na1,1200.0,131.754
B1H4Na1,1100.0,130.039
B1H4Na1,1000.0,127.445
B1H4Na1,900.0,124.265
B1H4Na1,800.0,120.24799999999999
B1H4Na1,700.0,115.26899999999999
B1H4Na1,600.0,108.617
B1H4Na1,500.0,101.79700000000001
B1H4Na1,400.0,94.55799999999999
B1H4Na1,300.0,86.64200000000002
B1H4Na1,298.0,86.48299999999998
Al1Cl6Na3,298.0,244.136
Al1Cl6Na3,1900.0,334.825
Al1Cl6Na3,1800.0,332.21
Al1Cl6Na3,1700.0,329.385
Al1Cl6Na3,1600.0,326.3520000000001
Al1Cl6Na3,1500.0,322.796
Al1Cl6Na3,1400.0,318.82099999999997
Al1Cl6Na3,1300.0,314.741
Al1Cl6Na3,1200.0,310.453
Al1Cl6Na3,1100.0,305.72
Al1Cl6Na3,1000.0,300.62
Al1Cl6Na3,900.0,294.972
Al1Cl6Na3,800.0,288.69599999999997
Al1Cl6Na3,700.0,281.165
Al1Cl6Na3,600.0,273.006
Al1Cl6Na3,500.0,264.01
Al1Cl6Na3,400.0,254.387
Al1Cl6Na3,300.0,244.513
Al1Br3,298.0,100.57799999999999
Al1Br3,1400.0,124.934
Al1Br3,1300.0,124.851
Al1Br3,1200.0,124.76700000000001
Al1Br3,1100.0,124.68299999999999
Al1Br3,1000.0,124.6
Al1Br3,900.0,124.516
Al1Br3,800.0,124.432
Al1Br3,700.0,124.348
Al1Br3,600.0,124.265
Al1Br3,500.0,123.846
Al1Br3,400.0,117.78
Al1Br3,370.6,113.07799999999999
Al1Br3,300.0,100.816
Br3Zr1,1900.0,106.566
Br3Zr1,1800.0,106.525
Br3Zr1,1700.0,106.48299999999999
Br3Zr1,1600.0,106.441
Br3Zr1,1500.0,106.399
Br3Zr1,1400.0,106.35700000000001
Br3Zr1,1300.0,106.315
Br3Zr1,1200.0,106.23200000000001
Br3Zr1,1100.0,106.148
Br3Zr1,1000.0,106.064
Br3Zr1,900.0,105.855
Br3Zr1,800.0,105.43700000000001
Br3Zr1,700.0,105.01799999999999
Br3Zr1,600.0,104.6
Br3Zr1,500.0,103.76299999999999
Br3Zr1,400.0,102.508
Br3Zr1,300.0,99.56200000000001
Br3Zr1,298.0,99.48299999999999
Be2O4Si1,2900.0,194.58900000000003
Be2O4Si1,2800.0,193.702
Be2O4Si1,2700.0,192.815
Be2O4Si1,2600.0,191.928
Be2O4Si1,2500.0,191.041
Be2O4Si1,2400.0,190.15400000000002
Be2O4Si1,2300.0,189.267
Be2O4Si1,2200.0,188.38
Be2O4Si1,2100.0,187.493
Be2O4Si1,2000.0,186.606
Be2O4Si1,1900.0,185.68599999999998
Be2O4Si1,1800.0,184.74900000000002
Be2O4Si1,1700.0,183.803
Be2O4Si1,1600.0,182.84900000000002
Be2O4Si1,1500.0,181.887
Be2O4Si1,1400.0,180.916
Be2O4Si1,1300.0,179.636
Be2O4Si1,1200.0,178.197
Be2O4Si1,1100.0,176.356
Be2O4Si1,1000.0,174.054
Be2O4Si1,900.0,170.74900000000005
Be2O4Si1,800.0,166.021
Be2O4Si1,700.0,158.866
Be2O4Si1,600.0,149.16
Be2O4Si1,500.0,136.942
Be2O4Si1,400.0,120.75
Be2O4Si1,300.0,96.098
Be2O4Si1,298.0,95.56299999999999
Br2Hg2,1400.0,125.14299999999999
Br2Hg2,1300.0,124.209
Br2Hg2,1200.0,123.47
Br2Hg2,1100.0,122.539
Br2Hg2,1000.0,121.545
Br2Hg2,900.0,120.416
Br2Hg2,800.0,119.118
Br2Hg2,700.0,117.529
Br2Hg2,600.0,115.604
Br2Hg2,500.0,113.052
Br2Hg2,400.0,109.62100000000001
Br2Hg2,300.0,104.70299999999999
Br2Hg2,298.0,104.6
B1H3O3,298.0,81.337
B1H3O3,1400.0,181.27900000000002
B1H3O3,1300.0,177.653
B1H3O3,1200.0,173.218
B1H3O3,1100.0,167.97400000000005
B1H3O3,1000.0,161.921
B1H3O3,900.0,155.017
B1H3O3,800.0,147.27700000000004
B1H3O3,700.0,137.915
B1H3O3,600.0,127.194
B1H3O3,500.0,114.64200000000001
B1H3O3,400.0,100.20700000000001
B1H3O3,300.0,81.755
Br3Ti1,1400.0,172.015
Br3Ti1,1300.0,168.755
Br3Ti1,1200.0,165.111
Br3Ti1,1100.0,161.084
Br3Ti1,1000.0,156.673
Br3Ti1,900.0,151.879
Br3Ti1,800.0,147.27700000000004
Br3Ti1,700.0,137.21
Br3Ti1,600.0,125.507
Br3Ti1,500.0,114.709
Br3Ti1,400.0,105.818
Br3Ti1,300.0,101.77600000000001
Br3Ti1,298.0,101.705
C1Cu1N1,900.0,80.249
C1Cu1N1,800.0,78.032
C1Cu1N1,700.0,75.689
C1Cu1N1,600.0,73.13600000000002
C1Cu1N1,500.0,70.249
C1Cu1N1,400.0,66.735
C1Cu1N1,300.0,62.195
C1Cu1N1,298.0,61.023999999999994
Ca1H2O2,900.0,116.022
Ca1H2O2,800.0,113.512
Ca1H2O2,700.0,110.709
Ca1H2O2,600.0,107.445
Ca1H2O2,500.0,103.931
Ca1H2O2,400.0,98.40799999999999
Ca1H2O2,300.0,87.78
Ca1H2O2,298.0,87.48700000000002
B2Be3O6,298.0,139.746
B2Be3O6,2900.0,332.754
B2Be3O6,2800.0,330.829
B2Be3O6,2700.0,328.904
B2Be3O6,2600.0,327.105
B2Be3O6,2500.0,325.18
B2Be3O6,2400.0,323.423
B2Be3O6,2300.0,321.582
B2Be3O6,2200.0,319.658
B2Be3O6,2100.0,317.649
B2Be3O6,2000.0,315.474
B2Be3O6,1900.0,313.382
B2Be3O6,1800.0,311.20599999999996
B2Be3O6,1700.0,308.905
B2Be3O6,1600.0,306.7290000000001
B2Be3O6,1500.0,304.553
B2Be3O6,1400.0,302.21
B2Be3O6,1300.0,299.574
B2Be3O6,1200.0,296.395
B2Be3O6,1100.0,292.211
B2Be3O6,1000.0,286.269
B2Be3O6,900.0,277.567
B2Be3O6,800.0,264.805
B2Be3O6,700.0,247.567
B2Be3O6,600.0,226.605
B2Be3O6,500.0,202.84
B2Be3O6,400.0,175.017
B2Be3O6,300.0,140.415
Al1Cl4Na1,298.0,154.975
Al1Cl4Na1,900.0,197.27599999999998
Al1Cl4Na1,800.0,193.51
Al1Cl4Na1,700.0,189.11700000000002
Al1Cl4Na1,600.0,182.422
Al1Cl4Na1,500.0,174.054
Al1Cl4Na1,400.0,164.808
Al1Cl4Na1,300.0,154.808
Al1Cl6K3,298.0,248.90599999999998
Al1Cl6K3,1900.0,341.36199999999997
Al1Cl6K3,1800.0,339.32199999999995
Al1Cl6K3,1700.0,336.969
Al1Cl6K3,1600.0,334.30199999999996
Al1Cl6K3,1500.0,331.32
Al1Cl6K3,1400.0,328.026
Al1Cl6K3,1300.0,324.103
Al1Cl6K3,1200.0,319.658
Al1Cl6K3,1100.0,314.532
Al1Cl6K3,1000.0,308.779
Al1Cl6K3,900.0,302.88
Al1Cl6K3,800.0,295.809
Al1Cl6K3,700.0,287.8590000000001
Al1Cl6K3,600.0,279.491
Al1Cl6K3,500.0,269.659
Al1Cl6K3,400.0,259.157
Al1Cl6K3,300.0,249.283
Br2Hg1,1400.0,107.587
Br2Hg1,1300.0,104.65899999999999
Br2Hg1,1200.0,101.73
Br2Hg1,1100.0,98.801
Br2Hg1,1000.0,95.87200000000001
Br2Hg1,900.0,92.943
Br2Hg1,800.0,90.015
Br2Hg1,700.0,87.086
Br2Hg1,600.0,84.15700000000002
Br2Hg1,500.0,81.206
Br2Hg1,400.0,78.321
Br2Hg1,300.0,75.366
Br2Hg1,298.0,75.312
Al1Cl1O1,298.0,56.902
Al1Cl1O1,2900.0,83.052
Al1Cl1O1,2800.0,83.052
Al1Cl1O1,2700.0,83.052
Al1Cl1O1,2600.0,83.052
Al1Cl1O1,2500.0,83.052
Al1Cl1O1,2400.0,83.052
Al1Cl1O1,2300.0,83.036
Al1Cl1O1,2200.0,83.01100000000002
Al1Cl1O1,2100.0,82.958
Al1Cl1O1,2000.0,82.885
Al1Cl1O1,1900.0,82.77
Al1Cl1O1,1800.0,82.62
Al1Cl1O1,1700.0,82.435
Al1Cl1O1,1600.0,82.21600000000002
Al1Cl1O1,1500.0,81.961
Al1Cl1O1,1400.0,81.672
Al1Cl1O1,1300.0,81.243
Al1Cl1O1,1200.0,80.709
Al1Cl1O1,1100.0,80.04
Al1Cl1O1,1000.0,79.245
Al1Cl1O1,900.0,78.168
Al1Cl1O1,800.0,76.86
Al1Cl1O1,700.0,74.977
Al1Cl1O1,600.0,72.634
Al1Cl1O1,500.0,69.203
Al1Cl1O1,400.0,64.308
Al1Cl1O1,300.0,57.111999999999995
Be1F4Li2,1400.0,299.5540000000001
Be1F4Li2,1300.0,284.64
Be1F4Li2,1200.0,269.72900000000004
Be1F4Li2,1100.0,254.81900000000002
Be1F4Li2,1000.0,239.91099999999997
Be1F4Li2,900.0,225.00400000000002
Be1F4Li2,800.0,210.1
Be1F4Li2,732.2,199.995
Be1F4Li2,700.0,195.18400000000003
Be1F4Li2,600.0,180.247
Be1F4Li2,500.0,165.352
Be1F4Li2,400.0,150.457
Be1F4Li2,300.0,135.52
Be1F4Li2,298.0,135.269
C1Mg1O3,900.0,127.61200000000001
C1Mg1O3,800.0,122.256
C1Mg1O3,700.0,116.23200000000001
C1Mg1O3,600.0,109.035
C1Mg1O3,500.0,100.061
C1Mg1O3,400.0,89.855
C1Mg1O3,300.0,76.501
C1Mg1O3,298.0,76.21
Br1H4N1,1400.0,174.264
Br1H4N1,1300.0,168.127
Br1H4N1,1200.0,161.502
Br1H4N1,1100.0,154.102
Br1H4N1,1000.0,146.02200000000005
Br1H4N1,900.0,136.817
Br1H4N1,800.0,126.775
Br1H4N1,700.0,115.06
Br1H4N1,600.0,102.42399999999999
Br1H4N1,500.0,87.195
Br1H4N1,411.0,92.844
Br1H4N1,411.0,72.867
Br1H4N1,400.0,92.71700000000001
Br1H4N1,300.0,88.89299999999999
Br1H4N1,298.0,88.676
Ca1I2,1400.0,98.91
Ca1I2,1300.0,96.943
Ca1I2,1200.0,94.977
Ca1I2,1100.0,93.0
Ca1I2,1052.0,92.04799999999999
Ca1I2,1000.0,91.00200000000001
Ca1I2,900.0,89.036
Ca1I2,800.0,87.069
Ca1I2,700.0,85.103
Ca1I2,600.0,83.13600000000002
Ca1I2,500.0,81.17
Ca1I2,400.0,79.161
Ca1I2,300.0,77.195
Ca1I2,298.0,77.157
Br4Mo1,900.0,144.4
Br4Mo1,800.0,142.674
Br4Mo1,700.0,140.844
Br4Mo1,600.0,138.909
Br4Mo1,500.0,136.817
Br4Mo1,400.0,135.143
Br4Mo1,300.0,133.093
Br4Mo1,298.0,133.05100000000002
Br4Ti1,1400.0,133.779
Br4Ti1,1300.0,133.779
Br4Ti1,1200.0,133.779
Br4Ti1,1100.0,133.779
Br4Ti1,1000.0,133.779
Br4Ti1,900.0,133.779
Br4Ti1,800.0,133.779
Br4Ti1,700.0,133.779
Br4Ti1,600.0,133.779
Br4Ti1,500.0,133.779
Br4Ti1,400.0,133.779
Br4Ti1,311.4,133.779
Br4Ti1,300.0,131.815
Br4Ti1,298.0,131.503
Ba1Br2,298.0,77.015
Ba1Br2,1400.0,100.839
Ba1Br2,1300.0,98.675
Ba1Br2,1200.0,96.512
Ba1Br2,1130.0,95.00200000000001
Ba1Br2,1100.0,94.353
Ba1Br2,1000.0,92.19
Ba1Br2,900.0,90.027
Ba1Br2,800.0,87.86399999999998
Ba1Br2,700.0,85.70100000000002
Ba1Br2,600.0,83.542
Ba1Br2,500.0,81.37899999999998
Ba1Br2,400.0,79.21600000000002
Ba1Br2,300.0,77.053
Be1O4S1,298.0,85.697
Be1O4S1,2200.0,200.832
Be1O4S1,2100.0,200.832
Be1O4S1,2000.0,200.832
Be1O4S1,1900.0,200.832
Be1O4S1,1800.0,200.832
Be1O4S1,1700.0,200.706
Be1O4S1,1600.0,200.00400000000002
Be1O4S1,1500.0,198.65599999999998
Be1O4S1,1400.0,196.581
Be1O4S1,1300.0,193.543
Be1O4S1,1200.0,189.209
Be1O4S1,1100.0,183.088
Be1O4S1,1000.0,174.43099999999995
Be1O4S1,900.0,162.046
Be1O4S1,800.0,149.787
Be1O4S1,700.0,137.988
Be1O4S1,600.0,126.81700000000001
Be1O4S1,500.0,116.35700000000001
Be1O4S1,400.0,103.88
Be1O4S1,300.0,86.111
Ba1F2,298.0,72.204
Ba1F2,1900.0,107.654
Ba1F2,1800.0,107.654
Ba1F2,1700.0,107.654
Ba1F2,1641.0,107.654
Ba1F2,1600.0,107.654
Ba1F2,1500.0,107.654
Ba1F2,1480.0,107.104
Ba1F2,1480.0,107.654
Ba1F2,1400.0,114.014
Ba1F2,1300.0,137.654
Ba1F2,1240.0,194.91400000000002
Ba1F2,1240.0,194.713
Ba1F2,1200.0,130.541
Ba1F2,1100.0,104.182
Ba1F2,1000.0,94.55799999999999
Ba1F2,900.0,88.70100000000002
Ba1F2,800.0,84.935
Ba1F2,700.0,82.383
Ba1F2,600.0,80.333
Ba1F2,500.0,78.45
Ba1F2,400.0,75.94
Ba1F2,300.0,72.304
Cl2Fe1,1900.0,89.95299999999996
Cl2Fe1,1800.0,89.90700000000002
Cl2Fe1,1700.0,89.81700000000002
Cl2Fe1,1600.0,89.684
Cl2Fe1,1500.0,89.507
Cl2Fe1,1400.0,89.287
Cl2Fe1,1300.0,88.962
Cl2Fe1,1200.0,88.554
Cl2Fe1,1100.0,88.01299999999998
Cl2Fe1,1000.0,87.354
Cl2Fe1,950.0,86.944
Cl2Fe1,900.0,86.50399999999998
Cl2Fe1,800.0,85.508
Cl2Fe1,700.0,84.375
Cl2Fe1,600.0,83.10700000000001
Cl2Fe1,500.0,81.638
Cl2Fe1,400.0,79.668
Cl2Fe1,300.0,76.735
Cl2Fe1,298.0,76.664
C1K1N1,1900.0,66.905
C1K1N1,1800.0,66.865
C1K1N1,1700.0,66.82600000000001
C1K1N1,1600.0,66.78699999999999
C1K1N1,1500.0,66.747
C1K1N1,1400.0,66.708
C1K1N1,1300.0,66.669
C1K1N1,1200.0,66.62899999999999
C1K1N1,1100.0,66.59
C1K1N1,1000.0,66.551
C1K1N1,900.0,66.51100000000001
C1K1N1,895.0,66.509
C1K1N1,800.0,66.471
C1K1N1,700.0,66.431
C1K1N1,600.0,66.392
C1K1N1,500.0,66.354
C1K1N1,400.0,66.316
C1K1N1,300.0,66.383
C1K1N1,298.0,66.391
Be1H2O2,298.0,65.70100000000001
Be1H2O2,900.0,110.399
Be1H2O2,800.0,107.495
Be1H2O2,700.0,103.956
Be1H2O2,600.0,99.387
Be1H2O2,500.0,92.994
Be1H2O2,400.0,82.902
Be1H2O2,300.0,66.053
Cs1,900.0,37.656
Cs1,800.0,37.635
Cs1,700.0,37.614000000000004
Cs1,600.0,37.53
Cs1,500.0,37.196
Cs1,450.0,36.777
Cs1,400.0,36.066
Cs1,350.0,34.84
Cs1,301.55,32.501
Cs1,300.0,32.355
Cs1,298.0,32.195
Al1H4Li1,298.0,86.4
Al1H4Li1,1900.0,123.76299999999999
Al1H4Li1,1800.0,123.24700000000001
Al1H4Li1,1700.0,122.71700000000001
Al1H4Li1,1600.0,122.17299999999999
Al1H4Li1,1500.0,121.615
Al1H4Li1,1400.0,121.04299999999999
Al1H4Li1,1300.0,120.416
Al1H4Li1,1200.0,119.74600000000001
Al1H4Li1,1100.0,118.84700000000001
Al1H4Li1,1000.0,117.78
Al1H4Li1,900.0,116.2
Al1H4Li1,800.0,114.223
Al1H4Li1,700.0,111.294
Al1H4Li1,600.0,106.90100000000001
Al1H4Li1,500.0,101.25299999999999
Al1H4Li1,400.0,93.72200000000001
Al1H4Li1,300.0,86.944
C1Be2,3400.0,92.939
C1Be2,3300.0,92.86399999999999
C1Be2,3200.0,92.786
C1Be2,3100.0,92.705
C1Be2,3000.0,92.62100000000001
C1Be2,2900.0,92.53399999999999
C1Be2,2800.0,92.443
C1Be2,2700.0,92.35
C1Be2,2600.0,92.25299999999999
C1Be2,2500.0,92.15299999999999
C1Be2,2400.0,92.04799999999999
C1Be2,2400.0,92.04799999999999
C1Be2,2300.0,91.964
C1Be2,2200.0,91.885
C1Be2,2100.0,91.79700000000001
C1Be2,2000.0,91.72200000000001
C1Be2,1900.0,91.62100000000001
C1Be2,1800.0,91.34899999999999
C1Be2,1700.0,90.84299999999999
C1Be2,1600.0,90.023
C1Be2,1500.0,88.881
C1Be2,1400.0,87.27799999999998
C1Be2,1300.0,85.01100000000002
C1Be2,1200.0,81.797
C1Be2,1100.0,77.525
C1Be2,1000.0,73.249
C1Be2,900.0,68.977
C1Be2,800.0,64.706
C1Be2,700.0,60.434
C1Be2,600.0,51.89
C1Be2,500.0,49.751999999999995
C1Be2,400.0,47.614
C1Be2,300.0,43.32899999999999
C1Be2,298.0,43.25
Cr1,2700.0,68.467
Cr1,2600.0,66.111
Cr1,2500.0,63.763999999999996
Cr1,2400.0,61.425
Cr1,2300.0,59.099
Cr1,2200.0,56.785
Cr1,2130.0,55.174
Cr1,2100.0,54.488
Cr1,2000.0,52.20399999999999
Cr1,1900.0,49.943999999999996
Cr1,1800.0,47.706
Cr1,1700.0,45.50100000000001
Cr1,1600.0,43.32899999999999
Cr1,1500.0,41.2
Cr1,1400.0,39.125
Cr1,1300.0,37.116
Cr1,1200.0,35.187
Cr1,1100.0,33.472
Cr1,1000.0,31.861
Cr1,900.0,30.500999999999998
Cr1,800.0,29.434
Cr1,700.0,28.576999999999998
Cr1,600.0,27.719
Cr1,500.0,26.631
Cr1,450.0,25.983
Cr1,400.0,25.23
Cr1,350.0,24.393
Cr1,311.5,23.680999999999997
Cr1,311.5,23.680999999999997
Cr1,300.0,23.471999999999998
Cr1,298.0,23.434
Cl1Cu1,1400.0,66.874
Cl1Cu1,1300.0,66.459
Cl1Cu1,1200.0,66.01100000000001
Cl1Cu1,1100.0,65.531
Cl1Cu1,1000.0,65.01899999999999
Cl1Cu1,900.0,64.388
Cl1Cu1,800.0,63.68
Cl1Cu1,703.0,62.791000000000004
Cl1Cu1,700.0,62.76
Cl1Cu1,600.0,61.505
Cl1Cu1,500.0,59.831
Cl1Cu1,400.0,56.902
Cl1Cu1,300.0,48.771
Cl1Cu1,298.0,48.534
Cu1F2,1900.0,94.55799999999999
Cu1F2,1800.0,94.55799999999999
Cu1F2,1700.0,94.55799999999999
Cu1F2,1600.0,94.43299999999999
Cu1F2,1500.0,94.22399999999999
Cu1F2,1400.0,93.84700000000001
Cu1F2,1300.0,93.303
Cu1F2,1200.0,92.55
Cu1F2,1109.0,91.713
Cu1F2,1100.0,91.588
Cu1F2,1000.0,90.374
Cu1F2,900.0,88.868
Cu1F2,800.0,87.027
Cu1F2,700.0,84.81
Cu1F2,600.0,81.92299999999999
Cu1F2,500.0,77.73899999999998
Cu1F2,400.0,72.383
Cu1F2,300.0,65.689
Cu1F2,298.0,65.55199999999999
Al2O3,298.0,79.015
Al2O3,2900.0,143.511
Al2O3,2800.0,142.591
Al2O3,2700.0,141.754
Al2O3,2600.0,140.959
Al2O3,2500.0,140.20600000000002
Al2O3,2400.0,139.453
Al2O3,2327.0,138.934
Al2O3,2300.0,138.741
Al2O3,2200.0,138.03
Al2O3,2100.0,137.319
Al2O3,2000.0,136.608
Al2O3,1900.0,135.89600000000002
Al2O3,1800.0,135.143
Al2O3,1700.0,134.306
Al2O3,1600.0,133.361
Al2O3,1500.0,132.29
Al2O3,1400.0,131.08100000000002
Al2O3,1300.0,129.737
Al2O3,1200.0,128.252
Al2O3,1100.0,126.60799999999999
Al2O3,1000.0,124.771
Al2O3,900.0,122.662
Al2O3,800.0,120.135
Al2O3,700.0,116.926
Al2O3,600.0,112.545
Al2O3,500.0,106.131
Al2O3,400.0,96.086
Al2O3,300.0,79.416
B1N1,298.0,19.719
B1N1,3400.0,48.953
B1N1,3300.0,48.953
B1N1,3200.0,48.953
B1N1,3100.0,48.953
B1N1,3000.0,48.953
B1N1,2900.0,48.953
B1N1,2800.0,48.953
B1N1,2700.0,48.953
B1N1,2600.0,48.953
B1N1,2500.0,48.953
B1N1,2400.0,48.953
B1N1,2300.0,48.953
B1N1,2200.0,48.953
B1N1,2100.0,48.953
B1N1,2000.0,48.953
B1N1,1900.0,48.953
B1N1,1800.0,48.953
B1N1,1700.0,48.93899999999999
B1N1,1600.0,48.911
B1N1,1500.0,48.702
B1N1,1400.0,48.283
B1N1,1300.0,47.698
B1N1,1200.0,46.861000000000004
B1N1,1100.0,45.815
B1N1,1000.0,44.35
B1N1,900.0,42.593
B1N1,800.0,40.459
B1N1,700.0,38.074
B1N1,600.0,35.229
B1N1,500.0,31.38
B1N1,400.0,26.276
B1N1,300.0,19.849
Co1O4S1,1900.0,173.25900000000001
Co1O4S1,1800.0,171.921
Co1O4S1,1700.0,170.498
Co1O4S1,1600.0,169.075
Co1O4S1,1500.0,167.56900000000005
Co1O4S1,1400.0,165.979
Co1O4S1,1300.0,164.30599999999995
Co1O4S1,1200.0,162.465
Co1O4S1,1100.0,160.415
Co1O4S1,1000.0,158.113
Co1O4S1,964.0,156.792
Co1O4S1,964.0,157.221
Co1O4S1,900.0,155.394
Co1O4S1,800.0,152.047
Co1O4S1,700.0,147.27700000000004
Co1O4S1,600.0,140.666
Co1O4S1,500.0,131.545
Co1O4S1,400.0,119.286
Co1O4S1,300.0,103.63799999999999
Co1O4S1,298.0,103.219
Cu1O1,1900.0,62.494
Cu1O1,1800.0,61.726000000000006
Cu1O1,1700.0,60.958
Cu1O1,1600.0,60.181000000000004
Cu1O1,1500.0,59.395
Cu1O1,1400.0,58.601000000000006
Cu1O1,1300.0,57.8
Cu1O1,1200.0,56.978
Cu1O1,1100.0,56.135
Cu1O1,1000.0,55.262
Cu1O1,900.0,54.34
Cu1O1,800.0,53.349
Cu1O1,700.0,52.24
Cu1O1,600.0,50.935
Cu1O1,500.0,49.261
Cu1O1,400.0,46.806000000000004
Cu1O1,300.0,42.364
Cu1O1,298.0,42.246
Cr2O3,2900.0,146.24200000000005
Cr2O3,2800.0,145.333
Cr2O3,2700.0,144.428
Cr2O3,2603.0,143.553
Cr2O3,2600.0,143.526
Cr2O3,2500.0,142.628
Cr2O3,2400.0,141.733
Cr2O3,2300.0,140.839
Cr2O3,2200.0,139.947
Cr2O3,2100.0,139.056
Cr2O3,2000.0,138.168
Cr2O3,1900.0,136.88
Cr2O3,1800.0,135.457
Cr2O3,1700.0,134.47799999999998
Cr2O3,1600.0,133.486
Cr2O3,1500.0,132.482
Cr2O3,1400.0,131.457
Cr2O3,1300.0,130.411
Cr2O3,1200.0,129.332
Cr2O3,1100.0,128.202
Cr2O3,1000.0,127.009
Cr2O3,900.0,125.725
Cr2O3,800.0,124.29
Cr2O3,700.0,122.625
Cr2O3,600.0,120.54899999999999
Cr2O3,500.0,117.721
Cr2O3,400.0,112.675
Cr2O3,305.0,126.775
Cr2O3,305.0,126.775
Cr2O3,300.0,121.92200000000001
Cr2O3,298.0,120.366
Cs1F1,1900.0,69.036
Cs1F1,1800.0,68.994
Cs1F1,1700.0,68.91
Cs1F1,1600.0,68.743
Cs1F1,1500.0,68.492
Cs1F1,1400.0,68.157
Cs1F1,1300.0,67.697
Cs1F1,1200.0,66.944
Cs1F1,1100.0,65.85600000000001
Cs1F1,1000.0,64.35
Cs1F1,976.0,63.952
Cs1F1,900.0,62.63399999999999
Cs1F1,800.0,60.876999999999995
Cs1F1,700.0,59.12
Cs1F1,600.0,57.363
Cs1F1,500.0,55.56399999999999
Cs1F1,400.0,53.763999999999996
Cs1F1,300.0,52.007
Cs1F1,298.0,51.965
Cr2N1,2400.0,127.277
Cr2N1,2300.0,124.934
Cr2N1,2200.0,122.59100000000001
Cr2N1,2100.0,119.955
Cr2N1,2000.0,117.48700000000001
Cr2N1,1900.0,114.76700000000001
Cr2N1,1800.0,112.508
Cr2N1,1700.0,109.788
Cr2N1,1600.0,107.027
Cr2N1,1500.0,104.265
Cr2N1,1400.0,101.50399999999999
Cr2N1,1300.0,98.742
Cr2N1,1200.0,95.98100000000001
Cr2N1,1100.0,93.26100000000001
Cr2N1,1000.0,90.5
Cr2N1,900.0,87.738
Cr2N1,800.0,84.977
Cr2N1,700.0,82.257
Cr2N1,600.0,79.49600000000002
Cr2N1,500.0,76.735
Cr2N1,400.0,73.429
Cr2N1,300.0,66.191
Cr2N1,298.0,66.065
Cl1Li1,1900.0,82.863
Cl1Li1,1800.0,80.797
Cl1Li1,1700.0,78.73100000000002
Cl1Li1,1600.0,76.663
Cl1Li1,1500.0,74.598
Cl1Li1,1400.0,72.53399999999998
Cl1Li1,1300.0,70.452
Cl1Li1,1200.0,68.358
Cl1Li1,1100.0,66.266
Cl1Li1,1000.0,64.17
Cl1Li1,900.0,62.06100000000001
Cl1Li1,883.0,61.702
Cl1Li1,800.0,59.93600000000001
Cl1Li1,700.0,57.78100000000001
Cl1Li1,600.0,55.593
Cl1Li1,500.0,53.342
Cl1Li1,400.0,50.968999999999994
Cl1Li1,300.0,48.095
Cl1Li1,298.0,48.028
Fe0.877S1,1700.0,86.10700000000001
Fe0.877S1,1600.0,79.161
Fe0.877S1,1500.0,72.676
Fe0.877S1,1400.0,67.195
Fe0.877S1,1300.0,62.676
Fe0.877S1,1200.0,59.12
Fe0.877S1,1100.0,55.396
Fe0.877S1,1000.0,52.007
Fe0.877S1,900.0,52.886
Fe0.877S1,800.0,53.848
Fe0.877S1,700.0,55.56399999999999
Fe0.877S1,600.0,58.11600000000001
Fe0.877S1,598.0,68.563
Fe0.877S1,598.0,58.175
Fe0.877S1,500.0,62.383
Fe0.877S1,400.0,56.148999999999994
Fe0.877S1,300.0,50.0
Fe0.877S1,298.0,49.883
Fe1H2O2,1400.0,125.436
Fe1H2O2,1200.0,125.102
Fe1H2O2,1100.0,124.516
Fe1H2O2,1000.0,123.38600000000001
Fe1H2O2,900.0,121.545
Fe1H2O2,800.0,118.95100000000001
Fe1H2O2,700.0,115.478
Fe1H2O2,600.0,111.294
Fe1H2O2,500.0,106.77600000000001
Fe1H2O2,400.0,102.09
Fe1H2O2,300.0,97.152
Fe1H2O2,298.0,97.069
Cs1H1O1,900.0,83.68
Cs1H1O1,800.0,83.68
Cs1H1O1,700.0,83.68
Cs1H1O1,600.0,83.68
Cs1H1O1,588.0,83.68
Cs1H1O1,500.0,83.68
Cs1H1O1,493.0,82.17399999999998
Cs1H1O1,493.0,83.68
Cs1H1O1,410.0,74.99
Cs1H1O1,410.0,75.22800000000002
Cs1H1O1,400.0,74.392
Cs1H1O1,300.0,67.99
Cs1H1O1,298.0,67.872
Cl2Hg2,1400.0,126.311
Cl2Hg2,1300.0,125.169
Cl2Hg2,1200.0,123.846
Cl2Hg2,1100.0,122.34
Cl2Hg2,1000.0,120.667
Cl2Hg2,900.0,118.82600000000001
Cl2Hg2,800.0,116.81700000000001
Cl2Hg2,700.0,114.55799999999999
Cl2Hg2,600.0,112.131
Cl2Hg2,500.0,109.32799999999999
Cl2Hg2,400.0,106.023
Cl2Hg2,300.0,102.04799999999999
Cl2Hg2,298.0,101.96799999999999
Co1,2400.0,37.656
Co1,2300.0,37.656
Co1,2200.0,37.656
Co1,2100.0,37.656
Co1,2000.0,37.656
Co1,1900.0,37.656
Co1,1800.0,37.656
Co1,1768.0,37.99
Co1,1700.0,37.782
Co1,1600.0,38.284
Co1,1500.0,39.74800000000001
Co1,1400.0,44.225
Co1,1394.0,54.978
Co1,1394.0,54.998999999999995
Co1,1300.0,48.66
Co1,1200.0,43.221000000000004
Co1,1100.0,39.832
Co1,1000.0,36.986999999999995
Co1,900.0,34.518
Co1,800.0,32.426
Co1,700.1,31.046999999999997
Co1,700.1,30.583000000000002
Co1,700.0,31.045
Co1,600.0,29.665
Co1,500.0,28.2
Co1,450.0,27.39
Co1,400.0,26.526999999999997
Co1,350.0,25.682
Co1,300.0,24.833000000000002
Co1,298.0,24.802
Cu1H2O2,1400.0,122.04700000000001
Cu1H2O2,1300.0,121.88
Cu1H2O2,1200.0,121.50299999999999
Cu1H2O2,1100.0,120.75
Cu1H2O2,1000.0,119.662
Cu1H2O2,900.0,117.98899999999999
Cu1H2O2,800.0,115.56200000000001
Cu1H2O2,700.0,112.131
Cu1H2O2,600.0,108.031
Cu1H2O2,500.0,103.76299999999999
Cu1H2O2,400.0,99.49600000000001
Cu1H2O2,300.0,95.228
Cu1H2O2,298.0,95.186
Al1Li1O2,298.0,67.777
Al1Li1O2,2100.0,117.294
Al1Li1O2,2000.0,116.022
Al1Li1O2,1973.0,115.679
Al1Li1O2,1900.0,114.74600000000001
Al1Li1O2,1800.0,113.449
Al1Li1O2,1700.0,112.14
Al1Li1O2,1600.0,110.81299999999999
Al1Li1O2,1500.0,109.46600000000001
Al1Li1O2,1400.0,108.089
Al1Li1O2,1300.0,106.671
Al1Li1O2,1200.0,105.198
Al1Li1O2,1100.0,103.654
Al1Li1O2,1000.0,102.006
Al1Li1O2,900.0,100.20299999999999
Al1Li1O2,800.0,98.165
Al1Li1O2,700.0,95.751
Al1Li1O2,600.0,92.68799999999999
Al1Li1O2,500.0,88.40799999999999
Al1Li1O2,400.0,81.546
Al1Li1O2,300.0,68.128
Co1F2,1900.0,87.441
Co1F2,1800.0,87.14
Co1F2,1700.0,86.831
Co1F2,1600.0,86.51700000000002
Co1F2,1500.0,86.186
Co1F2,1400.0,85.839
Co1F2,1400.0,85.839
Co1F2,1300.0,85.475
Co1F2,1200.0,85.07700000000001
Co1F2,1100.0,84.646
Co1F2,1000.0,84.161
Co1F2,900.0,83.59200000000001
Co1F2,800.0,82.902
Co1F2,700.0,82.015
Co1F2,600.0,80.789
Co1F2,500.0,78.92699999999998
Co1F2,400.0,75.714
Co1F2,300.0,69.041
Co1F2,298.0,68.90899999999999
Br2Fe1,298.0,80.232
Br2Fe1,1400.0,104.759
Br2Fe1,1300.0,102.53299999999999
Br2Fe1,1200.0,100.307
Br2Fe1,1100.0,98.081
Br2Fe1,1000.0,95.855
Br2Fe1,964.0,95.054
Br2Fe1,900.0,93.63
Br2Fe1,800.0,91.404
Br2Fe1,700.0,89.178
Br2Fe1,650.0,88.061
Br2Fe1,650.0,88.069
Br2Fe1,600.0,86.95200000000001
Br2Fe1,500.0,84.726
Br2Fe1,400.0,82.5
Br2Fe1,300.0,80.274
Fe1I2,1400.0,142.256
Fe1I2,1300.0,142.256
Fe1I2,1200.0,142.256
Fe1I2,1100.0,141.188
Fe1I2,1000.0,136.817
Fe1I2,900.0,126.22399999999999
Fe1I2,860.0,120.005
Fe1I2,800.0,110.876
Fe1I2,700.0,95.395
Fe1I2,650.0,84.546
Fe1I2,650.0,87.86399999999998
Fe1I2,600.0,84.425
Fe1I2,500.0,84.182
Fe1I2,400.0,83.931
Fe1I2,300.0,83.68
Fe1I2,298.0,83.68
Ga1,450.0,27.916
Ga1,400.0,27.46
Ga1,350.0,27.004
Ga1,302.92,26.13300000000001
Ga1,300.0,26.090999999999998
Ga1,298.0,26.064
Cl2Cu1,1400.0,84.75
Cl2Cu1,1300.0,84.19
Cl2Cu1,1200.0,83.60700000000001
Cl2Cu1,1100.0,83.001
Cl2Cu1,1000.0,82.37
Cl2Cu1,900.0,81.655
Cl2Cu1,800.0,80.885
Cl2Cu1,700.0,79.956
Cl2Cu1,600.0,78.785
Cl2Cu1,500.0,77.278
Cl2Cu1,400.0,75.061
Cl2Cu1,300.0,71.923
Cl2Cu1,298.0,71.881
Fe0.947O1,2400.0,64.74
Fe0.947O1,2300.0,64.601
Fe0.947O1,2200.0,64.434
Fe0.947O1,2100.0,64.238
Fe0.947O1,2000.0,64.015
Fe0.947O1,1900.0,63.69600000000001
Fe0.947O1,1800.0,63.303999999999995
Fe0.947O1,1700.0,62.787
Fe0.947O1,1600.0,62.065
Fe0.947O1,1500.0,61.211999999999996
Fe0.947O1,1400.0,60.358000000000004
Fe0.947O1,1300.0,59.496
Fe0.947O1,1200.0,58.63
Fe0.947O1,1100.0,57.76
Fe0.947O1,1000.0,56.87300000000001
Fe0.947O1,900.0,55.968999999999994
Fe0.947O1,800.0,55.041000000000004
Fe0.947O1,700.0,54.07
Fe0.947O1,600.0,53.028
Fe0.947O1,500.0,51.848
Fe0.947O1,400.0,50.38
Fe0.947O1,300.0,48.183
Fe0.947O1,298.0,48.11600000000001
Be1Cl2,298.0,64.852
Be1Cl2,1400.0,85.234
Be1Cl2,1300.0,85.007
Be1Cl2,1200.0,84.67200000000003
Be1Cl2,1100.0,84.23
Be1Cl2,1000.0,83.68
Be1Cl2,900.0,83.023
Be1Cl2,800.0,82.257
Be1Cl2,700.0,81.358
Be1Cl2,688.0,81.278
Be1Cl2,600.0,80.082
Be1Cl2,500.0,77.53
Be1Cl2,400.0,72.76
Be1Cl2,300.0,65.01899999999999
Cl1K1,298.0,51.287
Cl1K1,1400.0,82.006
Cl1K1,1300.0,79.49600000000002
Cl1K1,1200.0,76.149
Cl1K1,1100.0,71.965
Cl1K1,1044.0,69.28699999999999
Cl1K1,1000.0,66.969
Cl1K1,900.0,62.911
Cl1K1,800.0,60.078
Cl1K1,700.0,58.003
Cl1K1,600.0,56.317
Cl1K1,500.0,54.751999999999995
Cl1K1,400.0,53.137
Cl1K1,300.0,51.32899999999999
F1Na1,2900.0,71.128
F1Na1,2800.0,71.128
F1Na1,2700.0,71.128
F1Na1,2600.0,71.128
F1Na1,2500.0,71.128
F1Na1,2400.0,71.128
F1Na1,2300.0,71.128
F1Na1,2200.0,71.128
F1Na1,2100.0,71.128
F1Na1,2000.0,71.128
F1Na1,1900.0,71.128
F1Na1,1800.0,71.128
F1Na1,1700.0,71.128
F1Na1,1600.0,71.128
F1Na1,1500.0,70.626
F1Na1,1400.0,69.16199999999999
F1Na1,1300.0,66.944
F1Na1,1269.0,66.149
F1Na1,1200.0,64.266
F1Na1,1100.0,61.756
F1Na1,1000.0,59.505
F1Na1,900.0,57.492
F1Na1,800.0,55.71
F1Na1,700.0,54.123999999999995
F1Na1,600.0,52.677
F1Na1,500.0,51.262
F1Na1,400.0,49.597
F1Na1,300.0,46.924
F1Na1,298.0,46.852
Fe3O4,2900.0,200.832
Fe3O4,2800.0,200.832
Fe3O4,2700.0,200.832
Fe3O4,2600.0,200.832
Fe3O4,2500.0,200.832
Fe3O4,2400.0,200.832
Fe3O4,2300.0,200.832
Fe3O4,2200.0,200.832
Fe3O4,2100.0,200.832
Fe3O4,2000.0,200.832
Fe3O4,1900.0,200.832
Fe3O4,1800.0,200.832
Fe3O4,1700.0,200.832
Fe3O4,1600.0,200.832
Fe3O4,1500.0,200.832
Fe3O4,1400.0,200.832
Fe3O4,1300.0,200.832
Fe3O4,1200.0,200.832
Fe3O4,1100.0,200.832
Fe3O4,1000.0,200.832
Fe3O4,900.0,273.05
Fe3O4,900.0,273.05
Fe3O4,900.0,200.832
Fe3O4,800.0,252.88099999999997
Fe3O4,700.0,232.71400000000003
Fe3O4,600.0,212.547
Fe3O4,500.0,192.38
Fe3O4,400.0,171.12599999999995
Fe3O4,300.0,147.695
Fe3O4,298.0,147.235
H1Na1O1,1400.0,86.023
H1Na1O1,1300.0,86.023
H1Na1O1,1200.0,86.023
H1Na1O1,1100.0,86.023
H1Na1O1,1000.0,86.023
H1Na1O1,900.0,86.023
H1Na1O1,800.0,86.023
H1Na1O1,700.0,86.023
H1Na1O1,600.0,86.023
H1Na1O1,596.0,86.023
H1Na1O1,572.0,85.887
H1Na1O1,572.0,86.023
H1Na1O1,500.0,75.157
H1Na1O1,400.0,64.936
H1Na1O1,300.0,59.663999999999994
H1Na1O1,298.0,59.53
Cl1Na1O4,298.0,111.294
Cl1Na1O4,1400.0,205.267
Cl1Na1O4,1300.0,201.083
Cl1Na1O4,1200.0,196.648
Cl1Na1O4,1100.0,191.96200000000002
Cl1Na1O4,1000.0,187.025
Cl1Na1O4,900.0,181.58599999999998
Cl1Na1O4,800.0,175.72799999999995
Cl1Na1O4,700.0,168.511
Cl1Na1O4,600.0,160.247
Cl1Na1O4,581.0,158.57399999999996
Cl1Na1O4,581.0,158.57399999999996
Cl1Na1O4,500.0,150.20600000000005
Cl1Na1O4,400.0,135.98
Cl1Na1O4,300.0,111.713
B1F4K1,298.0,114.48299999999999
B1F4K1,1400.0,177.456
B1F4K1,1300.0,173.03799999999995
B1F4K1,1200.0,168.61900000000003
B1F4K1,1100.0,164.197
B1F4K1,1000.0,159.779
B1F4K1,900.0,155.356
B1F4K1,843.0,152.838
B1F4K1,800.0,150.938
B1F4K1,700.0,146.519
B1F4K1,600.0,142.097
B1F4K1,556.0,156.02700000000004
B1F4K1,556.0,140.14600000000002
B1F4K1,500.0,146.963
B1F4K1,400.0,130.817
B1F4K1,300.0,114.78
H1Li1,1400.0,89.29899999999998
H1Li1,1300.0,83.994
H1Li1,1200.0,78.68
H1Li1,1100.0,73.362
H1Li1,1000.0,68.028
H1Li1,961.8,65.985
H1Li1,900.0,62.676
H1Li1,800.0,57.3
H1Li1,700.0,51.876999999999995
H1Li1,600.0,46.38
H1Li1,500.0,40.735
H1Li1,400.0,34.794000000000004
H1Li1,300.0,28.083000000000002
H1Li1,298.0,27.956999999999997
Hg1O1,900.0,58.62600000000001
Hg1O1,800.0,57.50899999999999
Hg1O1,700.0,56.066
Hg1O1,600.0,54.12
Hg1O1,500.0,51.631
Hg1O1,400.0,48.325
Hg1O1,300.0,44.145
Hg1O1,298.0,44.062
Be3N2,298.0,64.358
Be3N2,2900.0,129.692
Be3N2,2800.0,129.67700000000002
Be3N2,2700.0,129.659
Be3N2,2600.0,129.639
Be3N2,2500.0,129.615
Be3N2,2473.0,129.606
Be3N2,2400.0,129.588
Be3N2,2300.0,129.559
Be3N2,2200.0,129.526
Be3N2,2100.0,129.49
Be3N2,2000.0,129.452
Be3N2,1900.0,129.411
Be3N2,1800.0,129.366
Be3N2,1700.0,129.319
Be3N2,1600.0,129.269
Be3N2,1500.0,129.047
Be3N2,1400.0,128.616
Be3N2,1300.0,127.926
Be3N2,1200.0,126.92200000000001
Be3N2,1100.0,125.52
Be3N2,1000.0,123.61200000000001
Be3N2,900.0,121.04299999999999
Be3N2,800.0,117.59100000000001
Be3N2,700.0,112.92200000000001
Be3N2,600.0,106.516
Be3N2,500.0,97.512
Be3N2,400.0,84.43299999999998
Be3N2,300.0,64.668
I2Mo1,1400.0,96.445
I2Mo1,1300.0,95.199
I2Mo1,1200.0,93.95200000000001
I2Mo1,1100.0,92.705
I2Mo1,1000.0,91.458
I2Mo1,900.0,90.211
I2Mo1,800.0,88.964
I2Mo1,700.0,87.71799999999998
I2Mo1,600.0,86.471
I2Mo1,500.0,85.22399999999998
I2Mo1,400.0,83.977
I2Mo1,300.0,82.73
I2Mo1,298.0,82.705
Cu1F1,1900.0,64.434
Cu1F1,1800.0,64.434
Cu1F1,1700.0,64.434
Cu1F1,1600.0,64.434
Cu1F1,1500.0,64.434
Cu1F1,1400.0,64.378
Cu1F1,1300.0,64.266
Cu1F1,1200.0,64.057
Cu1F1,1100.0,63.763999999999996
Cu1F1,1000.0,63.346000000000004
Cu1F1,900.0,62.802
Cu1F1,800.0,62.007
Cu1F1,700.0,60.96100000000001
Cu1F1,600.0,59.58
Cu1F1,500.0,57.65600000000001
Cu1F1,400.0,55.145
Cu1F1,300.0,51.965
Cu1F1,298.0,51.882
Cr1N1,298.0,52.677
Cr1N1,2400.0,62.467
Cr1N1,2300.0,61.714
Cr1N1,2200.0,61.003
Cr1N1,2100.0,60.375
Cr1N1,2000.0,59.831
Cr1N1,1900.0,59.078
Cr1N1,1800.0,58.367
Cr1N1,1700.0,57.696999999999996
Cr1N1,1600.0,57.028
Cr1N1,1500.0,56.379
Cr1N1,1400.0,55.68899999999999
Cr1N1,1300.0,55.02
Cr1N1,1200.0,54.391999999999996
Cr1N1,1100.0,53.723
Cr1N1,1000.0,53.053000000000004
Cr1N1,900.0,52.38399999999999
Cr1N1,800.0,51.714
Cr1N1,700.0,51.086999999999996
Cr1N1,600.0,50.417
Cr1N1,500.0,49.74800000000001
Cr1N1,400.0,49.078
Cr1N1,300.0,51.393
Fe1H3O3,1400.0,174.68200000000004
Fe1H3O3,1300.0,173.218
Fe1H3O3,1200.0,171.12599999999995
Fe1H3O3,1100.0,168.40599999999995
Fe1H3O3,1000.0,164.85
Fe1H3O3,900.0,160.247
Fe1H3O3,800.0,154.808
Fe1H3O3,700.0,148.114
Fe1H3O3,600.0,140.582
Fe1H3O3,500.0,129.704
Fe1H3O3,400.0,117.98899999999999
Fe1H3O3,300.0,102.09
Fe1H3O3,298.0,101.671
Al1I3,298.0,98.91
Al1I3,1400.0,129.501
Al1I3,1300.0,129.319
Al1I3,1200.0,129.16
Al1I3,1100.0,128.875
Al1I3,1000.0,128.44899999999998
Al1I3,900.0,127.90100000000001
Al1I3,800.0,126.91799999999999
Al1I3,700.0,125.06299999999999
Al1I3,600.0,121.986
Al1I3,500.0,116.90100000000001
Al1I3,464.15,114.61399999999999
Al1I3,400.0,108.53299999999999
Al1I3,300.0,99.07700000000001
I2Pb1,900.0,102.428
I2Pb1,800.0,95.102
I2Pb1,700.0,88.743
I2Pb1,683.0,87.78
I2Pb1,600.0,83.713
I2Pb1,500.0,80.391
I2Pb1,400.0,78.85600000000002
I2Pb1,300.0,77.613
I2Pb1,298.0,77.57300000000002
I4Zr1,900.0,138.365
I4Zr1,800.0,137.15200000000002
I4Zr1,700.0,135.938
I4Zr1,600.0,134.599
I4Zr1,500.0,133.009
I4Zr1,400.0,131.001
I4Zr1,300.0,127.88
I4Zr1,298.0,127.8
Hf1,2400.0,42.073
Hf1,2300.0,41.372
Hf1,2200.0,40.671
Hf1,2100.0,39.97
Hf1,2054.0,39.648
Hf1,2000.0,39.269
Hf1,1900.0,38.569
Hf1,1800.0,37.868
Hf1,1700.0,37.167
Hf1,1600.0,36.466
Hf1,1500.0,35.765
Hf1,1400.0,35.064
Hf1,1300.0,34.372
Hf1,1200.0,33.571999999999996
Hf1,1100.0,32.759
Hf1,1000.0,31.943
Hf1,900.0,31.12
Hf1,800.0,30.288
Hf1,700.0,29.445
Hf1,600.0,28.583000000000002
Hf1,500.0,27.691999999999997
Hf1,450.0,27.23
Hf1,400.0,26.750999999999998
Hf1,350.0,26.247
Hf1,300.0,25.708000000000002
Hf1,298.0,25.686999999999998
F2Hg2,1400.0,125.825
F2Hg2,1300.0,124.87200000000001
F2Hg2,1200.0,123.709
F2Hg2,1100.0,122.334
F2Hg2,1000.0,120.74799999999999
F2Hg2,900.0,118.95100000000001
F2Hg2,800.0,116.943
F2Hg2,700.0,114.516
F2Hg2,600.0,111.671
F2Hg2,500.0,108.40700000000001
F2Hg2,400.0,104.684
F2Hg2,300.0,100.5
F2Hg2,298.0,100.416
I2Sr1,1400.0,108.24
I2Sr1,1300.0,105.493
I2Sr1,1200.0,102.71700000000001
I2Sr1,1100.0,99.971
I2Sr1,1000.0,97.236
I2Sr1,900.0,94.492
I2Sr1,811.0,92.04799999999999
I2Sr1,800.0,91.755
I2Sr1,700.0,88.994
I2Sr1,600.0,86.274
I2Sr1,500.0,83.51299999999998
I2Sr1,400.0,80.751
I2Sr1,300.0,78.032
I2Sr1,298.0,77.94800000000002
C1N1Na1,298.0,68.681
C1N1Na1,288.5001548,111.06299999999999
C1N1Na1,1900.0,70.191
C1N1Na1,1800.0,70.09
C1N1Na1,1700.0,69.988
C1N1Na1,1600.0,69.885
C1N1Na1,1500.0,69.781
C1N1Na1,1400.0,69.676
C1N1Na1,1300.0,69.57
C1N1Na1,1200.0,69.462
C1N1Na1,1100.0,69.354
C1N1Na1,1000.0,69.245
C1N1Na1,900.0,69.145
C1N1Na1,835.0,69.082
C1N1Na1,800.0,69.046
C1N1Na1,700.0,68.945
C1N1Na1,600.0,68.848
C1N1Na1,500.0,68.752
C1N1Na1,300.0,68.575
C1N1Na1,288.0,111.06200000000001
K2O4S1,1100.0,239.365
K2O4S1,1000.0,226.11599999999999
K2O4S1,900.0,212.865
K2O4S1,857.0,207.169
K2O4S1,800.0,199.61900000000003
K2O4S1,700.0,186.368
K2O4S1,600.0,172.52700000000004
K2O4S1,500.0,160.733
K2O4S1,400.0,147.649
K2O4S1,300.0,131.666
K2O4S1,298.0,131.319
Mg1O3Si1,2400.0,122.432
Mg1O3Si1,2300.0,122.432
Mg1O3Si1,2200.0,122.432
Mg1O3Si1,2100.0,122.432
Mg1O3Si1,2000.0,122.432
Mg1O3Si1,1900.0,122.432
Mg1O3Si1,1850.0,122.432
Mg1O3Si1,1800.0,122.432
Mg1O3Si1,1700.0,122.432
Mg1O3Si1,1600.0,122.432
Mg1O3Si1,1500.0,122.432
Mg1O3Si1,1400.0,122.432
Mg1O3Si1,1300.0,122.432
Mg1O3Si1,1258.0,120.34
Mg1O3Si1,1258.0,122.432
Mg1O3Si1,1200.0,120.34
Mg1O3Si1,1100.0,120.34
Mg1O3Si1,1000.0,120.34
Mg1O3Si1,903.0,119.788
Mg1O3Si1,903.0,120.34
Mg1O3Si1,900.0,119.675
Mg1O3Si1,800.0,115.78
Mg1O3Si1,700.0,111.62100000000001
Mg1O3Si1,600.0,106.99700000000001
Mg1O3Si1,500.0,101.512
Mg1O3Si1,400.0,94.194
Mg1O3Si1,300.0,82.228
Mg1O3Si1,298.0,81.927
I2Zr1,1400.0,103.01
I2Zr1,1300.0,102.215
I2Zr1,1200.0,101.42
I2Zr1,1100.0,100.583
I2Zr1,1000.0,99.83
I2Zr1,900.0,99.62100000000001
I2Zr1,800.0,98.15700000000001
I2Zr1,700.0,97.445
I2Zr1,700.0,97.445
I2Zr1,600.0,96.609
I2Zr1,500.0,95.855
I2Zr1,400.0,95.01899999999999
I2Zr1,300.0,94.34899999999999
I2Zr1,298.0,94.14
H2Mg1,1900.0,74.883
H2Mg1,1800.0,74.475
H2Mg1,1700.0,74.08800000000002
H2Mg1,1600.0,73.722
H2Mg1,1500.0,73.204
H2Mg1,1400.0,72.592
H2Mg1,1300.0,71.76100000000002
H2Mg1,1200.0,70.751
H2Mg1,1100.0,69.486
H2Mg1,1000.0,67.99
H2Mg1,900.0,65.898
H2Mg1,800.0,63.095
H2Mg1,700.0,59.538000000000004
H2Mg1,600.0,55.229
H2Mg1,500.0,49.998999999999995
H2Mg1,400.0,43.303999999999995
H2Mg1,300.0,35.51
H2Mg1,298.0,35.334
H1K1,1400.0,63.301
H1K1,1300.0,62.701
H1K1,1200.0,61.923
H1K1,1100.0,60.966
H1K1,1000.0,59.831
H1K1,900.0,58.44
H1K1,800.0,56.818999999999996
H1K1,700.0,54.606
H1K1,600.0,51.923
H1K1,500.0,48.534
H1K1,400.0,44.14100000000001
H1K1,300.0,38.074
H1K1,298.0,37.907
Mg1O4W1,1900.0,195.602
Mg1O4W1,1800.0,191.0
Mg1O4W1,1700.0,186.606
Mg1O4W1,1600.0,182.00400000000002
Mg1O4W1,1500.0,177.611
Mg1O4W1,1400.0,173.00799999999995
Mg1O4W1,1300.0,168.615
Mg1O4W1,1200.0,164.013
Mg1O4W1,1100.0,159.41
Mg1O4W1,1000.0,154.808
Mg1O4W1,900.0,150.415
Mg1O4W1,800.0,146.14700000000005
Mg1O4W1,700.0,141.67
Mg1O4W1,600.0,137.026
Mg1O4W1,500.0,131.58700000000002
Mg1O4W1,400.0,123.428
Mg1O4W1,300.0,109.62100000000001
Mg1O4W1,298.0,109.07700000000001
I4Ti1,379.0,148.114
I4Ti1,300.0,125.947
I4Ti1,298.0,125.62899999999999
H1K1O1,298.0,64.89399999999999
H1K1O1,1400.0,78.65899999999998
H1K1O1,1300.0,78.65899999999998
H1K1O1,1200.0,78.65899999999998
H1K1O1,1100.0,78.65899999999998
H1K1O1,1000.0,78.65899999999998
H1K1O1,900.0,78.65899999999998
H1K1O1,800.0,78.65899999999998
H1K1O1,700.0,78.65899999999998
H1K1O1,679.0,78.65899999999998
H1K1O1,600.0,78.65899999999998
H1K1O1,516.0,80.961
H1K1O1,516.0,78.65899999999998
H1K1O1,500.0,79.58
H1K1O1,400.0,71.672
H1K1O1,300.0,65.01100000000001
I2,600.0,96.816
I2,500.0,81.207
I2,450.0,73.402
I2,400.0,65.598
I2,386.75,63.545
I2,350.0,58.605
I2,300.0,54.506
I2,298.0,54.43600000000001
Mn1,1800.0,48.44600000000001
Mn1,1700.0,47.623999999999995
Mn1,1600.0,46.803000000000004
Mn1,1519.0,46.108000000000004
Mn1,1500.0,45.982
Mn1,1412.0,43.513999999999996
Mn1,1412.0,45.229
Mn1,1400.0,43.43
Mn1,1361.0,39.204
Mn1,1361.0,43.095
Mn1,1300.0,38.953
Mn1,1200.0,38.535
Mn1,1100.0,38.116
Mn1,1000.0,37.698
Mn1,980.0,37.545
Mn1,980.0,37.571999999999996
Mn1,900.0,36.384
Mn1,800.0,34.915
Mn1,700.0,33.426
Mn1,600.0,31.899
Mn1,500.0,30.291999999999998
Mn1,450.0,30.02
Mn1,400.0,28.526999999999997
Mn1,350.0,27.516
Mn1,300.0,26.346999999999998
Mn1,298.0,26.299
F1K1,298.0,48.982
F1K1,1900.0,71.128
F1K1,1800.0,71.128
F1K1,1700.0,71.128
F1K1,1600.0,70.919
F1K1,1500.0,70.5
F1K1,1400.0,69.789
F1K1,1300.0,68.618
F1K1,1200.0,66.777
F1K1,1131.0,64.852
F1K1,1100.0,63.848
F1K1,1000.0,61.17
F1K1,900.0,59.078
F1K1,800.0,57.403999999999996
F1K1,700.0,55.856
F1K1,600.0,54.26600000000001
F1K1,500.0,52.718
F1K1,400.0,51.045
F1K1,300.0,49.022
Li2O3Si1,2400.0,186.46099999999998
Li2O3Si1,2300.0,184.565
Li2O3Si1,2200.0,182.59
Li2O3Si1,2100.0,180.537
Li2O3Si1,2000.0,178.40599999999995
Li2O3Si1,1900.0,176.188
Li2O3Si1,1800.0,173.887
Li2O3Si1,1700.0,171.502
Li2O3Si1,1600.0,169.03400000000005
Li2O3Si1,1500.0,166.523
Li2O3Si1,1474.0,165.856
Li2O3Si1,1400.0,163.942
Li2O3Si1,1300.0,161.293
Li2O3Si1,1200.0,158.57399999999996
Li2O3Si1,1100.0,155.576
Li2O3Si1,1000.0,152.30200000000005
Li2O3Si1,900.0,148.565
Li2O3Si1,800.0,144.43200000000004
Li2O3Si1,700.0,139.649
Li2O3Si1,600.0,134.306
Li2O3Si1,500.0,127.809
Li2O3Si1,400.0,118.82600000000001
Li2O3Si1,300.0,101.01
Li2O3Si1,298.0,100.56700000000001
K2O1,1900.0,150.083
K2O1,1800.0,145.993
K2O1,1700.0,141.91
K2O1,1600.0,137.833
K2O1,1500.0,133.762
K2O1,1400.0,129.69899999999998
K2O1,1300.0,125.64200000000001
K2O1,1200.0,121.59200000000001
K2O1,1100.0,117.54899999999999
K2O1,1000.0,113.512
K2O1,900.0,109.455
K2O1,800.0,105.395
K2O1,700.0,101.384
K2O1,600.0,97.404
K2O1,500.0,94.266
K2O1,400.0,91.546
K2O1,300.0,83.889
K2O1,298.0,83.68
Mg1O4S1,2400.0,186.25900000000001
Mg1O4S1,2300.0,185.067
Mg1O4S1,2200.0,183.80700000000002
Mg1O4S1,2100.0,182.468
Mg1O4S1,2000.0,181.033
Mg1O4S1,1900.0,179.477
Mg1O4S1,1800.0,177.778
Mg1O4S1,1700.0,175.895
Mg1O4S1,1600.0,173.787
Mg1O4S1,1500.0,171.389
Mg1O4S1,1400.0,168.61900000000003
Mg1O4S1,1400.0,168.61900000000003
Mg1O4S1,1300.0,165.352
Mg1O4S1,1200.0,161.41899999999995
Mg1O4S1,1100.0,156.691
Mg1O4S1,1000.0,151.67
Mg1O4S1,900.0,146.231
Mg1O4S1,800.0,140.499
Mg1O4S1,700.0,134.306
Mg1O4S1,600.0,127.61200000000001
Mg1O4S1,500.0,119.411
Mg1O4S1,400.0,109.99700000000001
Mg1O4S1,300.0,96.441
Mg1O4S1,298.0,96.23200000000001
Al1Na1O2,298.0,73.638
Al1Na1O2,2900.0,129.243
Al1Na1O2,2800.0,128.666
Al1Na1O2,2700.0,127.973
Al1Na1O2,2600.0,127.163
Al1Na1O2,2500.0,126.23700000000001
Al1Na1O2,2400.0,125.194
Al1Na1O2,2300.0,124.03399999999999
Al1Na1O2,2200.0,122.759
Al1Na1O2,2100.0,121.366
Al1Na1O2,2000.0,119.85799999999999
Al1Na1O2,1900.0,118.23299999999999
Al1Na1O2,1800.0,116.491
Al1Na1O2,1700.0,114.751
Al1Na1O2,1600.0,112.943
Al1Na1O2,1500.0,111.169
Al1Na1O2,1400.0,109.395
Al1Na1O2,1300.0,107.62100000000001
Al1Na1O2,1200.0,105.84700000000001
Al1Na1O2,1100.0,104.073
Al1Na1O2,1000.0,102.29899999999999
Al1Na1O2,900.0,100.525
Al1Na1O2,800.0,98.751
Al1Na1O2,740.0,99.788
Al1Na1O2,740.0,97.696
Al1Na1O2,700.0,98.291
Al1Na1O2,600.0,94.27
Al1Na1O2,500.0,89.56299999999996
Al1Na1O2,400.0,83.412
Al1Na1O2,300.0,73.889
Mo1O2.750,1400.0,119.553
Mo1O2.750,1300.0,115.05
Mo1O2.750,1200.0,110.63799999999999
Mo1O2.750,1100.0,106.331
Mo1O2.750,1000.0,102.139
Mo1O2.750,900.0,98.072
Mo1O2.750,800.0,94.145
Mo1O2.750,700.0,90.344
Mo1O2.750,600.0,86.626
Mo1O2.750,500.0,82.79700000000003
Mo1O2.750,400.0,78.208
Mo1O2.750,300.0,70.354
Mo1O2.750,298.0,70.135
N0.465V1,3400.0,66.777
N0.465V1,3300.0,65.898
N0.465V1,3200.0,65.01899999999999
N0.465V1,3100.0,64.141
N0.465V1,3000.0,63.303999999999995
N0.465V1,2900.0,62.425
N0.465V1,2800.0,61.505
N0.465V1,2700.0,60.583999999999996
N0.465V1,2600.0,59.622
N0.465V1,2500.0,58.743
N0.465V1,2400.0,57.907
N0.465V1,2300.0,56.902
N0.465V1,2200.0,55.94
N0.465V1,2100.0,54.93600000000001
N0.465V1,2000.0,53.974
N0.465V1,1900.0,52.928000000000004
N0.465V1,1800.0,51.998999999999995
N0.465V1,1700.0,50.823
N0.465V1,1600.0,49.643
N0.465V1,1500.0,48.455
N0.465V1,1400.0,47.262
N0.465V1,1300.0,46.066
N0.465V1,1200.0,44.852
N0.465V1,1100.0,43.626999999999995
N0.465V1,1000.0,42.37600000000001
N0.465V1,900.0,41.095
N0.465V1,800.0,39.765
N0.465V1,700.0,38.359
N0.465V1,600.0,36.815
N0.465V1,500.0,35.016
N0.465V1,400.0,32.677
N0.465V1,300.0,28.971
N0.465V1,298.0,28.877
K1O2,1400.0,96.148
K1O2,1300.0,95.98100000000001
K1O2,1200.0,95.73
K1O2,1100.0,95.395
K1O2,1000.0,94.89299999999999
K1O2,900.0,94.22399999999999
K1O2,800.0,93.22
K1O2,700.0,91.92200000000001
K1O2,600.0,90.165
K1O2,500.0,87.655
K1O2,400.0,83.889
K1O2,300.0,77.613
K1O2,298.0,77.53
C1Na2O3,298.0,111.00299999999999
C1Na2O3,1900.0,220.204
C1Na2O3,1800.0,218.65599999999998
C1Na2O3,1700.0,216.899
C1Na2O3,1600.0,214.765
C1Na2O3,1500.0,212.547
C1Na2O3,1400.0,209.74400000000003
C1Na2O3,1300.0,206.188
C1Na2O3,1200.0,200.748
C1Na2O3,1123.15,195.101
C1Na2O3,1100.0,192.046
C1Na2O3,1000.0,179.201
C1Na2O3,900.0,166.23
C1Na2O3,800.0,153.344
C1Na2O3,723.15,193.385
C1Na2O3,723.15,143.762
C1Na2O3,700.0,187.56900000000002
C1Na2O3,600.0,163.30200000000005
C1Na2O3,500.0,142.214
C1Na2O3,400.0,125.102
C1Na2O3,300.0,111.25299999999999
Mo1S2,2300.0,88.65899999999998
Mo1S2,2200.0,87.906
Mo1S2,2100.0,87.111
Mo1S2,2000.0,86.35799999999998
Mo1S2,1900.0,85.605
Mo1S2,1800.0,84.81
Mo1S2,1700.0,84.057
Mo1S2,1600.0,83.262
Mo1S2,1500.0,82.46700000000001
Mo1S2,1400.0,81.672
Mo1S2,1300.0,80.835
Mo1S2,1200.0,79.998
Mo1S2,1100.0,79.119
Mo1S2,1000.0,78.241
Mo1S2,900.0,77.278
Mo1S2,800.0,76.232
Mo1S2,700.0,75.01899999999998
Mo1S2,600.0,73.597
Mo1S2,500.0,71.756
Mo1S2,400.0,68.91
Mo1S2,300.0,63.68
Mo1S2,298.0,63.555
Li2O3Ti1,2900.0,223.426
Li2O3Ti1,2800.0,220.078
Li2O3Ti1,2700.0,216.731
Li2O3Ti1,2600.0,213.38400000000001
Li2O3Ti1,2500.0,210.037
Li2O3Ti1,2400.0,206.69
Li2O3Ti1,2300.0,203.342
Li2O3Ti1,2200.0,199.995
Li2O3Ti1,2100.0,196.648
Li2O3Ti1,2000.0,193.301
Li2O3Ti1,1900.0,189.954
Li2O3Ti1,1820.0,187.27599999999998
Li2O3Ti1,1800.0,186.606
Li2O3Ti1,1700.0,183.25900000000001
Li2O3Ti1,1600.0,179.912
Li2O3Ti1,1500.0,176.565
Li2O3Ti1,1485.0,160.344
Li2O3Ti1,1485.0,176.063
Li2O3Ti1,1400.0,159.494
Li2O3Ti1,1300.0,158.49
Li2O3Ti1,1200.0,157.31799999999996
Li2O3Ti1,1100.0,155.812
Li2O3Ti1,1000.0,153.888
Li2O3Ti1,900.0,151.67
Li2O3Ti1,800.0,149.034
Li2O3Ti1,700.0,145.85399999999996
Li2O3Ti1,600.0,141.503
Li2O3Ti1,500.0,135.645
Li2O3Ti1,400.0,127.361
Li2O3Ti1,300.0,110.75
Li2O3Ti1,298.0,109.855
I4Mo1,500.0,137.19299999999998
I4Mo1,400.0,137.19299999999998
I4Mo1,300.0,137.19299999999998
I4Mo1,298.0,137.19299999999998
Ba1S1,298.0,49.373999999999995
Ba1S1,2900.0,72.221
Ba1S1,2800.0,71.46300000000002
Ba1S1,2700.0,70.694
Ba1S1,2600.0,69.915
Ba1S1,2500.0,69.156
Ba1S1,2400.0,68.408
Ba1S1,2300.0,67.64
Ba1S1,2200.0,66.86
Ba1S1,2100.0,66.086
Ba1S1,2000.0,65.312
Ba1S1,1900.0,64.554
Ba1S1,1800.0,63.806000000000004
Ba1S1,1700.0,63.037
Ba1S1,1600.0,62.258
Ba1S1,1500.0,61.5
Ba1S1,1400.0,60.751999999999995
Ba1S1,1300.0,59.983000000000004
Ba1S1,1200.0,59.20399999999999
Ba1S1,1100.0,58.43
Ba1S1,1000.0,57.65600000000001
Ba1S1,900.0,56.777
Ba1S1,800.0,55.982
Ba1S1,700.0,55.06100000000001
Ba1S1,600.0,54.056999999999995
Ba1S1,500.0,52.718
Ba1S1,400.0,51.128
Ba1S1,300.0,49.407
Na2O3Si1,2400.0,214.78099999999998
Na2O3Si1,2300.0,212.016
Na2O3Si1,2200.0,209.213
Na2O3Si1,2100.0,206.37599999999998
Na2O3Si1,2000.0,203.489
Na2O3Si1,1900.0,200.55599999999998
Na2O3Si1,1800.0,197.56
Na2O3Si1,1700.0,195.748
Na2O3Si1,1600.0,191.347
Na2O3Si1,1500.0,188.1
Na2O3Si1,1400.0,184.736
Na2O3Si1,1362.0,183.407
Na2O3Si1,1300.0,181.23
Na2O3Si1,1200.0,177.54
Na2O3Si1,1100.0,173.628
Na2O3Si1,1000.0,169.423
Na2O3Si1,900.0,164.84099999999995
Na2O3Si1,800.0,159.749
Na2O3Si1,700.0,153.946
Na2O3Si1,600.0,147.114
Na2O3Si1,500.0,138.716
Na2O3Si1,400.0,127.779
Na2O3Si1,300.0,112.395
Na2O3Si1,298.0,111.88
I3Mo1,298.0,108.889
I3Mo1,900.0,118.897
I3Mo1,800.0,117.23100000000001
I3Mo1,700.0,115.57
I3Mo1,600.0,113.90899999999999
I3Mo1,500.0,112.244
I3Mo1,400.0,110.583
I3Mo1,300.0,108.91799999999999
Cu2O5S1,298.0,141.043
Cu2O5S1,1400.0,230.329
Cu2O5S1,1300.0,226.313
Cu2O5S1,1200.0,221.752
Cu2O5S1,1100.0,217.15
Cu2O5S1,1000.0,212.547
Cu2O5S1,900.0,207.52599999999998
Cu2O5S1,800.0,202.12900000000002
Cu2O5S1,700.0,195.81099999999998
Cu2O5S1,600.0,187.82
Cu2O5S1,500.0,176.983
Cu2O5S1,400.0,162.339
Cu2O5S1,300.0,141.41899999999995
K2O2,1900.0,200.782
K2O2,1800.0,194.857
K2O2,1700.0,188.916
K2O2,1600.0,182.958
K2O2,1500.0,176.983
K2O2,1400.0,170.99200000000005
K2O2,1300.0,164.983
K2O2,1200.0,158.959
K2O2,1100.0,152.917
K2O2,1000.0,146.858
K2O2,900.0,140.798
K2O2,800.0,134.725
K2O2,700.0,127.95200000000001
K2O2,600.0,120.708
K2O2,500.0,115.478
K2O2,400.0,107.11
K2O2,300.0,100.374
K2O2,298.0,100.165
Na2S2,900.0,132.164
Na2S2,800.0,126.59100000000001
Na2S2,753.0,123.97200000000001
Na2S2,700.0,121.01799999999999
Na2S2,600.0,115.445
Na2S2,500.0,109.87200000000001
Na2S2,400.0,104.29899999999999
Na2S2,300.0,98.726
Na2S2,298.0,98.625
I3Ti1,298.0,116.771
I3Ti1,1400.0,124.792
I3Ti1,1300.0,124.064
I3Ti1,1200.0,123.336
I3Ti1,1100.0,122.60799999999999
I3Ti1,1000.0,121.88
I3Ti1,900.0,121.152
I3Ti1,800.0,120.42399999999999
I3Ti1,700.0,119.696
I3Ti1,600.0,118.96799999999999
I3Ti1,500.0,118.24
I3Ti1,400.0,117.512
I3Ti1,300.0,116.78399999999999
Al2Mg1O4,298.0,116.198
Al2Mg1O4,2700.0,242.291
Al2Mg1O4,2600.0,238.697
Al2Mg1O4,2500.0,235.095
Al2Mg1O4,2408.0,231.77700000000002
Al2Mg1O4,2400.0,231.488
Al2Mg1O4,2300.0,227.877
Al2Mg1O4,2200.0,224.25400000000002
Al2Mg1O4,2100.0,220.622
Al2Mg1O4,2000.0,216.982
Al2Mg1O4,1900.0,213.325
Al2Mg1O4,1800.0,209.65200000000002
Al2Mg1O4,1700.0,205.96200000000002
Al2Mg1O4,1600.0,202.238
Al2Mg1O4,1500.0,198.485
Al2Mg1O4,1400.0,194.68599999999998
Al2Mg1O4,1300.0,190.828
Al2Mg1O4,1200.0,186.895
Al2Mg1O4,1100.0,182.85299999999998
Al2Mg1O4,1000.0,178.657
Al2Mg1O4,900.0,174.238
Al2Mg1O4,800.0,169.47299999999996
Al2Mg1O4,700.0,164.155
Al2Mg1O4,600.0,157.887
Al2Mg1O4,500.0,149.829
Al2Mg1O4,400.0,137.988
Al2Mg1O4,300.0,116.53299999999999
N1Ti1,4400.0,84.152
N1Ti1,4300.0,83.161
N1Ti1,4200.0,82.171
N1Ti1,4100.0,81.182
N1Ti1,4000.0,80.193
N1Ti1,3900.0,79.203
N1Ti1,3800.0,78.215
N1Ti1,3700.0,77.22800000000002
N1Ti1,3600.0,76.244
N1Ti1,3500.0,75.262
N1Ti1,3400.0,74.279
N1Ti1,3300.0,73.295
N1Ti1,3220.0,72.513
N1Ti1,3200.0,72.316
N1Ti1,3100.0,71.337
N1Ti1,3000.0,70.362
N1Ti1,2900.0,69.387
N1Ti1,2800.0,68.413
N1Ti1,2700.0,67.446
N1Ti1,2600.0,66.48
N1Ti1,2500.0,65.517
N1Ti1,2400.0,64.559
N1Ti1,2300.0,63.605
N1Ti1,2200.0,62.655
N1Ti1,2100.0,61.71
N1Ti1,2000.0,60.777
N1Ti1,1900.0,59.848
N1Ti1,1800.0,58.927
N1Ti1,1700.0,58.02
N1Ti1,1600.0,57.128
N1Ti1,1500.0,56.246
N1Ti1,1400.0,55.38399999999999
N1Ti1,1300.0,54.538000000000004
N1Ti1,1200.0,53.718
N1Ti1,1100.0,52.919
N1Ti1,1000.0,52.145
N1Ti1,900.0,51.38399999999999
N1Ti1,800.0,50.618
N1Ti1,700.0,49.78100000000001
N1Ti1,600.0,48.723
N1Ti1,500.0,47.056999999999995
N1Ti1,400.0,43.81100000000001
N1Ti1,300.0,37.238
N1Ti1,298.0,37.079
N1V1,3400.0,76.191
N1V1,3300.0,75.312
N1V1,3200.0,74.475
N1V1,3100.0,73.638
N1V1,3000.0,72.80199999999998
N1V1,2900.0,71.923
N1V1,2800.0,71.044
N1V1,2700.0,70.166
N1V1,2600.0,69.28699999999999
N1V1,2500.0,68.408
N1V1,2400.0,67.53
N1V1,2300.0,66.65100000000001
N1V1,2200.0,65.77199999999999
N1V1,2100.0,64.852
N1V1,2000.0,63.931999999999995
N1V1,1900.0,62.968999999999994
N1V1,1800.0,62.049
N1V1,1700.0,61.17
N1V1,1600.0,60.123999999999995
N1V1,1500.0,59.091
N1V1,1400.0,58.045
N1V1,1300.0,56.986000000000004
N1V1,1200.0,55.907
N1V1,1100.0,54.806000000000004
N1V1,1000.0,53.668
N1V1,900.0,52.48
N1V1,800.0,51.211999999999996
N1V1,700.0,49.818999999999996
N1V1,600.0,48.208
N1V1,500.0,46.183
N1V1,400.0,43.29600000000001
N1V1,300.0,38.2
N1V1,298.0,37.981
Na1O2,1900.0,137.58700000000002
Na1O2,1800.0,133.47799999999998
Na1O2,1700.0,129.386
Na1O2,1600.0,125.311
Na1O2,1500.0,121.25200000000001
Na1O2,1400.0,117.211
Na1O2,1300.0,113.186
Na1O2,1200.0,109.177
Na1O2,1100.0,105.186
Na1O2,1000.0,101.211
Na1O2,900.0,96.962
Na1O2,800.0,92.634
Na1O2,700.0,88.50200000000002
Na1O2,600.0,84.475
Na1O2,500.0,80.375
Na1O2,400.0,76.274
Na1O2,300.0,72.21600000000002
Na1O2,298.0,72.141
Ni1S1,1600.0,80.124
Ni1S1,1500.0,77.278
Ni1S1,1400.0,74.433
Ni1S1,1300.0,71.58800000000002
Ni1S1,1249.0,70.137
Ni1S1,1200.0,68.743
Ni1S1,1100.0,65.898
Ni1S1,1000.0,63.053000000000004
Ni1S1,900.0,60.208
Ni1S1,800.0,57.363
Ni1S1,700.0,54.518
Ni1S1,652.0,56.372
Ni1S1,652.0,53.152
Ni1S1,600.0,55.312
Ni1S1,500.0,53.053000000000004
Ni1S1,400.0,50.50100000000001
Ni1S1,300.0,47.19600000000001
Ni1S1,298.0,47.111999999999995
Na2O1,1900.0,104.47
Na2O1,1800.0,103.617
Na2O1,1700.0,102.734
Na2O1,1600.0,101.822
Na2O1,1500.0,100.868
Na2O1,1405.2,99.913
Na2O1,1400.0,99.86
Na2O1,1300.0,98.788
Na2O1,1243.15,98.14
Na2O1,1243.15,98.14200000000001
Na2O1,1200.0,97.62899999999999
Na2O1,1100.0,96.353
Na2O1,1023.15,95.264
Na2O1,1023.15,95.265
Na2O1,1000.0,94.91799999999999
Na2O1,900.0,93.266
Na2O1,800.0,91.291
Na2O1,700.0,88.851
Na2O1,600.0,85.709
Na2O1,500.0,81.49600000000002
Na2O1,400.0,75.77600000000002
Na2O1,300.0,69.245
Na2O1,298.0,69.10300000000001
O1Ti1,2400.0,84.22399999999998
O1Ti1,2300.0,82.46700000000001
O1Ti1,2200.0,80.668
O1Ti1,2100.0,78.91
O1Ti1,2000.0,77.153
O1Ti1,1900.0,75.396
O1Ti1,1800.0,73.597
O1Ti1,1700.0,71.839
O1Ti1,1600.0,70.04
O1Ti1,1500.0,68.241
O1Ti1,1400.0,66.442
O1Ti1,1300.0,64.643
O1Ti1,1265.0,63.99800000000001
O1Ti1,1200.0,62.802
O1Ti1,1100.0,60.96100000000001
O1Ti1,1000.0,59.078
O1Ti1,900.0,57.153
O1Ti1,800.0,55.187
O1Ti1,700.0,53.095
O1Ti1,600.0,50.83600000000001
O1Ti1,500.0,48.242
O1Ti1,400.0,44.978
O1Ti1,300.0,40.062
O1Ti1,298.0,39.957
H1Li1O1,298.0,49.591
H1Li1O1,1400.0,97.115
H1Li1O1,1300.0,93.705
H1Li1O1,1200.0,90.274
H1Li1O1,1100.0,86.814
H1Li1O1,1000.0,83.30799999999998
H1Li1O1,900.0,79.747
H1Li1O1,800.0,76.086
H1Li1O1,744.3,73.97
H1Li1O1,700.0,72.279
H1Li1O1,600.0,68.208
H1Li1O1,500.0,63.647
H1Li1O1,400.0,58.053000000000004
H1Li1O1,300.0,49.761
Nb1O1,2700.0,66.87100000000001
Nb1O1,2600.0,65.982
Nb1O1,2500.0,65.09100000000001
Nb1O1,2400.0,64.199
Nb1O1,2300.0,63.306000000000004
Nb1O1,2210.0,62.50100000000001
Nb1O1,2200.0,62.413000000000004
Nb1O1,2100.0,61.526
Nb1O1,2000.0,60.62600000000001
Nb1O1,1900.0,59.73
Nb1O1,1800.0,58.831
Nb1O1,1700.0,57.928999999999995
Nb1O1,1600.0,57.023999999999994
Nb1O1,1500.0,56.117
Nb1O1,1400.0,55.208
Nb1O1,1300.0,54.287
Nb1O1,1200.0,53.358999999999995
Nb1O1,1100.0,52.418
Nb1O1,1000.0,51.467
Nb1O1,900.0,50.481
Nb1O1,800.0,49.467
Nb1O1,700.0,48.369
Nb1O1,600.0,47.20399999999999
Nb1O1,500.0,45.827
Nb1O1,400.0,44.032
Nb1O1,300.0,41.187
Nb1O1,298.0,41.111999999999995
F2Mg1,298.0,61.547
F2Mg1,1900.0,85.178
F2Mg1,1800.0,84.77600000000002
F2Mg1,1700.0,84.35799999999998
F2Mg1,1600.0,83.92299999999999
F2Mg1,1536.0,83.635
F2Mg1,1500.0,83.46700000000001
F2Mg1,1400.0,82.977
F2Mg1,1300.0,82.454
F2Mg1,1200.0,81.877
F2Mg1,1100.0,81.237
F2Mg1,1000.0,80.49600000000002
F2Mg1,900.0,79.626
F2Mg1,800.0,78.555
F2Mg1,700.0,77.178
F2Mg1,600.0,75.32
F2Mg1,500.0,72.634
F2Mg1,400.0,68.484
F2Mg1,300.0,61.68899999999999
Nb1,3100.0,53.879
Nb1,3000.0,50.41
Nb1,2900.0,47.342
Nb1,2800.0,44.643
Nb1,2750.0,43.423
Nb1,2700.0,42.283
Nb1,2600.0,40.233000000000004
Nb1,2500.0,38.635
Nb1,2400.0,37.317
Nb1,2300.0,36.192
Nb1,2200.0,35.187
Nb1,2100.0,34.275
Nb1,2000.0,33.43
Nb1,1900.0,32.639
Nb1,1800.0,31.903000000000002
Nb1,1700.0,31.221
Nb1,1600.0,30.605999999999998
Nb1,1500.0,30.061999999999998
Nb1,1400.0,29.589000000000002
Nb1,1300.0,29.179000000000002
Nb1,1200.0,28.798000000000002
Nb1,1100.0,28.405
Nb1,1000.0,27.999000000000002
Nb1,900.0,27.593000000000004
Nb1,800.0,27.183000000000003
Nb1,600.0,26.346999999999998
Nb1,500.0,25.899
Nb1,450.0,25.653000000000002
Nb1,400.0,25.393
Nb1,350.0,25.088
Nb1,300.0,24.711
Nb1,298.0,24.69400000000001
O3Ti2,2900.0,157.151
O3Ti2,2800.0,156.774
O3Ti2,2700.0,156.398
O3Ti2,2600.0,155.98
O3Ti2,2500.0,155.60299999999995
O3Ti2,2400.0,155.185
O3Ti2,2300.0,154.766
O3Ti2,2200.0,154.306
O3Ti2,2115.0,153.953
O3Ti2,2100.0,153.888
O3Ti2,2000.0,153.42700000000005
O3Ti2,1900.0,152.925
O3Ti2,1800.0,152.465
O3Ti2,1700.0,151.921
O3Ti2,1600.0,151.377
O3Ti2,1500.0,150.75
O3Ti2,1400.0,150.08
O3Ti2,1300.0,149.369
O3Ti2,1200.0,148.532
O3Ti2,1100.0,147.528
O3Ti2,1000.0,146.356
O3Ti2,900.0,144.892
O3Ti2,800.0,142.967
O3Ti2,700.0,140.33100000000002
O3Ti2,600.0,136.44
O3Ti2,500.0,130.248
O3Ti2,470.01,141.716
O3Ti2,470.01,127.65299999999999
O3Ti2,400.0,117.529
O3Ti2,300.0,96.19
O3Ti2,298.0,95.814
Ca1,298.0,25.929000000000002
Ca1,1000.0,39.025999999999996
Ca1,900.0,36.819
Ca1,800.0,34.613
Ca1,716.0,32.736999999999995
Ca1,700.0,32.406
Ca1,600.0,30.381999999999998
Ca1,500.0,28.487
Ca1,450.0,27.643
Ca1,400.0,26.868000000000002
Ca1,350.0,26.32
Ca1,300.0,25.945999999999998
O4Pb3,1400.0,224.262
O4Pb3,1300.0,220.078
O4Pb3,1200.0,215.894
O4Pb3,1100.0,211.71
O4Pb3,1000.0,207.52599999999998
O4Pb3,900.0,203.342
O4Pb3,800.0,199.158
O4Pb3,700.0,194.97400000000002
O4Pb3,600.0,190.79
O4Pb3,500.0,184.09599999999998
O4Pb3,400.0,173.05
O4Pb3,300.0,155.344
O4Pb3,298.0,154.934
O3W1,2900.0,128.86700000000002
O3W1,2800.0,127.194
O3W1,2700.0,125.52
O3W1,2600.0,123.846
O3W1,2500.0,122.17299999999999
O3W1,2400.0,120.499
O3W1,2300.0,118.82600000000001
O3W1,2200.0,117.152
O3W1,2100.0,115.478
O3W1,2000.0,113.805
O3W1,1900.0,112.131
O3W1,1800.0,110.458
O3W1,1745.0,109.537
O3W1,1600.0,107.149
O3W1,1500.0,105.512
O3W1,1400.0,103.875
O3W1,1300.0,102.238
O3W1,1200.0,100.601
O3W1,1100.0,98.963
O3W1,1050.0,102.508
O3W1,1050.0,98.14399999999999
O3W1,1000.0,101.671
O3W1,900.0,99.92299999999999
O3W1,800.0,98.23899999999999
O3W1,700.0,96.141
O3W1,600.0,93.113
O3W1,500.0,88.641
O3W1,400.0,82.209
O3W1,300.0,73.304
O3W1,298.0,73.139
O7Ti4,2300.0,322.545
O7Ti4,2200.0,320.913
O7Ti4,2100.0,319.281
O7Ti4,2000.0,317.607
O7Ti4,1950.0,316.7290000000001
O7Ti4,1900.0,315.85
O7Ti4,1800.0,314.051
O7Ti4,1700.0,312.21
O7Ti4,1600.0,310.285
O7Ti4,1500.0,308.235
O7Ti4,1400.0,306.018
O7Ti4,1300.0,303.675
O7Ti4,1200.0,301.08099999999996
O7Ti4,1100.0,298.152
O7Ti4,1000.0,294.805
O7Ti4,900.0,290.83
O7Ti4,800.0,285.976
O7Ti4,700.0,279.659
O7Ti4,600.0,271.165
O7Ti4,500.0,258.86400000000003
O7Ti4,400.0,239.91099999999997
O7Ti4,300.0,209.2
O7Ti4,298.0,208.489
K1,298.0,29.497
K1,350.0,38.484
K1,336.35,34.567
K1,300.0,29.573
O4V2,2100.0,183.092
O4V2,2000.0,181.192
O4V2,1900.0,179.27599999999995
O4V2,1818.0,177.72799999999995
O4V2,1800.0,177.343
O4V2,1700.0,175.30200000000005
O4V2,1600.0,173.42700000000005
O4V2,1500.0,171.429
O4V2,1400.0,169.40599999999995
O4V2,1300.0,167.33
O4V2,1200.0,165.209
O4V2,1100.0,162.987
O4V2,1000.0,160.68200000000004
O4V2,900.0,158.157
O4V2,800.0,155.457
O4V2,700.0,152.175
O4V2,600.0,148.44799999999995
O4V2,500.0,143.269
O4V2,400.0,135.281
O4V2,340.0,123.336
O4V2,340.0,127.62100000000001
O4V2,300.0,115.787
O4V2,298.0,115.399
O2.90W1,2900.0,123.135
O2.90W1,2800.0,121.88
O2.90W1,2700.0,120.625
O2.90W1,2600.0,119.37
O2.90W1,2500.0,118.11399999999999
O2.90W1,2400.0,116.859
O2.90W1,2300.0,115.604
O2.90W1,2200.0,114.34899999999999
O2.90W1,2100.0,113.094
O2.90W1,2000.0,111.838
O2.90W1,1900.0,110.583
O2.90W1,1800.0,109.32799999999999
O2.90W1,1700.0,108.073
O2.90W1,1600.0,106.818
O2.90W1,1500.0,105.68799999999999
O2.90W1,1400.0,104.55799999999999
O2.90W1,1300.0,103.303
O2.90W1,1200.0,101.88
O2.90W1,1100.0,100.56200000000001
O2.90W1,1000.0,99.244
O2.90W1,900.0,97.655
O2.90W1,800.0,95.98100000000001
O2.90W1,700.0,93.931
O2.90W1,600.0,90.91799999999999
O2.90W1,500.0,86.609
O2.90W1,400.0,80.333
O2.90W1,300.0,71.546
O2.90W1,298.0,71.37899999999998
Ca1Cl2,298.0,72.85600000000002
Ca1Cl2,1900.0,112.131
Ca1Cl2,1800.0,109.20200000000001
Ca1Cl2,1700.0,106.274
Ca1Cl2,1600.0,103.345
Ca1Cl2,1500.0,100.416
Ca1Cl2,1400.0,97.48700000000001
Ca1Cl2,1300.0,94.55799999999999
Ca1Cl2,1200.0,91.63
Ca1Cl2,1100.0,88.70100000000002
Ca1Cl2,1045.0,87.09
Ca1Cl2,1000.0,85.772
Ca1Cl2,900.0,83.094
Ca1Cl2,800.0,80.919
Ca1Cl2,700.0,79.37
Ca1Cl2,600.0,78.199
Ca1Cl2,500.0,77.153
Ca1Cl2,400.0,75.64699999999998
Ca1Cl2,300.0,72.92699999999998
Pb1,1400.0,37.183
Pb1,1300.0,36.208
Pb1,1200.0,35.238
Pb1,1100.0,34.263000000000005
Pb1,1000.0,33.288000000000004
Pb1,900.0,32.313
Pb1,800.0,31.342
Pb1,700.0,30.366999999999997
Pb1,600.6,29.414
Pb1,600.0,29.404
Pb1,500.0,28.549
Pb1,450.0,28.139
Pb1,400.0,27.72300000000001
Pb1,350.0,27.288
Pb1,300.0,26.853
Pb1,298.0,26.836
O5Ti3,1400.0,224.262
O5Ti3,1300.0,222.58900000000003
O5Ti3,1200.0,220.497
O5Ti3,1100.0,218.405
O5Ti3,1000.0,215.894
O5Ti3,900.0,213.38400000000001
O5Ti3,800.0,210.037
O5Ti3,700.0,206.062
O5Ti3,600.0,200.832
O5Ti3,500.0,194.138
O5Ti3,450.0,189.954
O5Ti3,400.0,182.84099999999998
O5Ti3,300.0,155.477
O5Ti3,298.0,154.808
O5V2,1400.0,195.393
O5V2,1300.0,192.46400000000003
O5V2,1200.0,189.535
O5V2,1100.0,186.606
O5V2,1000.0,183.678
O5V2,943.0,182.00400000000002
O5V2,900.0,180.74900000000002
O5V2,800.0,177.25099999999995
O5V2,700.0,173.234
O5V2,600.0,168.31400000000005
O5V2,500.0,161.753
O5V2,400.0,150.95
O5V2,300.0,131.02700000000002
O5V2,298.0,130.599
Mg3N2,298.0,104.516
Mg3N2,2400.0,123.595
Mg3N2,2300.0,123.595
Mg3N2,2200.0,123.595
Mg3N2,2100.0,123.595
Mg3N2,2000.0,123.595
Mg3N2,1900.0,123.595
Mg3N2,1800.0,123.595
Mg3N2,1700.0,123.595
Mg3N2,1600.0,123.595
Mg3N2,1500.0,123.595
Mg3N2,1400.0,123.595
Mg3N2,1300.0,123.595
Mg3N2,1200.0,123.595
Mg3N2,1100.0,123.595
Mg3N2,1061.0,123.846
Mg3N2,1061.0,123.595
Mg3N2,1000.0,123.846
Mg3N2,900.0,123.846
Mg3N2,823.0,120.574
Mg3N2,823.0,123.846
Mg3N2,800.0,119.87200000000001
Mg3N2,700.0,116.81700000000001
Mg3N2,600.0,113.76299999999999
Mg3N2,500.0,110.709
Mg3N2,400.0,107.654
Mg3N2,300.0,104.6
Mg2O4Si1,298.0,118.68799999999999
Mg2O4Si1,2900.0,216.315
Mg2O4Si1,2800.0,214.49
Mg2O4Si1,2700.0,212.648
Mg2O4Si1,2600.0,210.79
Mg2O4Si1,2500.0,208.915
Mg2O4Si1,2400.0,207.02
Mg2O4Si1,2300.0,205.1
Mg2O4Si1,2200.0,203.15400000000002
Mg2O4Si1,2171.0,202.673
Mg2O4Si1,2100.0,201.175
Mg2O4Si1,2000.0,199.16299999999998
Mg2O4Si1,1900.0,197.108
Mg2O4Si1,1800.0,195.00799999999998
Mg2O4Si1,1700.0,192.845
Mg2O4Si1,1600.0,190.61900000000003
Mg2O4Si1,1500.0,188.30900000000003
Mg2O4Si1,1400.0,185.895
Mg2O4Si1,1300.0,183.36
Mg2O4Si1,1200.0,180.665
Mg2O4Si1,1100.0,177.77
Mg2O4Si1,1000.0,174.607
Mg2O4Si1,900.0,171.088
Mg2O4Si1,800.0,167.063
Mg2O4Si1,700.0,162.31
Mg2O4Si1,600.0,156.431
Mg2O4Si1,500.0,148.695
Mg2O4Si1,400.0,137.55700000000002
Mg2O4Si1,300.0,119.148
Mo1O2.875,298.0,72.508
Mo1O2.875,1400.0,124.166
Mo1O2.875,1300.0,119.366
Mo1O2.875,1200.0,114.65799999999999
Mo1O2.875,1100.0,110.06200000000001
Mo1O2.875,1000.0,105.589
Mo1O2.875,900.0,101.256
Mo1O2.875,800.0,97.088
Mo1O2.875,700.0,93.079
Mo1O2.875,600.0,89.20100000000002
Mo1O2.875,500.0,85.274
Mo1O2.875,400.0,80.65100000000002
Mo1O2.875,300.0,72.73
Cl1H4N1,298.0,86.441
Cl1H4N1,1400.0,171.0
Cl1H4N1,1300.0,163.17600000000004
Cl1H4N1,1200.0,159.829
Cl1H4N1,1100.0,152.716
Cl1H4N1,1000.0,144.55700000000004
Cl1H4N1,900.0,134.976
Cl1H4N1,800.0,123.88799999999999
Cl1H4N1,700.0,112.801
Cl1H4N1,600.0,101.671
Cl1H4N1,500.0,90.5
Cl1H4N1,457.7,109.956
Cl1H4N1,457.7,85.898
Cl1H4N1,400.0,102.96799999999999
Cl1H4N1,300.0,86.944
Li2O5Si2,298.0,138.072
Li2O5Si2,2400.0,263.48
Li2O5Si2,2300.0,263.341
Li2O5Si2,2200.0,263.17400000000004
Li2O5Si2,2100.0,262.978
Li2O5Si2,2000.0,262.755
Li2O5Si2,1900.0,262.075
Li2O5Si2,1800.0,261.082
Li2O5Si2,1700.0,259.617
Li2O5Si2,1600.0,257.73400000000004
Li2O5Si2,1500.0,254.868
Li2O5Si2,1400.0,251.207
Li2O5Si2,1307.0,248.417
Li2O5Si2,1300.0,248.195
Li2O5Si2,1209.0,245.55900000000003
Li2O5Si2,1209.0,245.55900000000003
Li2O5Si2,1200.0,245.18200000000002
Li2O5Si2,1100.0,240.61700000000002
Li2O5Si2,1000.0,235.35
Li2O5Si2,900.0,229.49200000000002
Li2O5Si2,800.0,222.58900000000003
Li2O5Si2,700.0,214.89
Li2O5Si2,600.0,205.685
Li2O5Si2,500.0,192.673
Li2O5Si2,400.0,174.891
Li2O5Si2,300.0,138.909
Mg1,298.0,24.869
Mg1,1800.0,53.199
Mg1,1700.0,50.0
Mg1,1600.0,47.01300000000001
Mg1,1500.0,44.238
Mg1,1400.0,41.673
Mg1,1300.0,39.316
Mg1,1200.0,37.164
Mg1,1000.0,33.46
Mg1,923.0,32.238
Mg1,900.0,31.895
Mg1,800.0,30.506999999999998
Mg1,700.0,29.279
Mg1,600.0,28.184
Mg1,500.0,27.171
Mg1,450.0,26.66800000000001
Mg1,400.0,26.144000000000002
Mg1,350.0,25.568
Mg1,300.0,24.897
Mg2Si1,298.0,67.86399999999999
Mg2Si1,2400.0,106.985
Mg2Si1,2300.0,105.855
Mg2Si1,2200.0,104.684
Mg2Si1,2100.0,103.47
Mg2Si1,1900.0,100.91799999999999
Mg2Si1,1800.0,99.579
Mg2Si1,1700.0,98.198
Mg2Si1,1600.0,96.77600000000001
Mg2Si1,1500.0,95.31200000000001
Mg2Si1,1400.0,93.805
Mg2Si1,1375.0,93.45
Mg2Si1,1300.0,92.257
Mg2Si1,1200.0,90.667
Mg2Si1,1100.0,89.07700000000001
Mg2Si1,1000.0,87.404
Mg2Si1,900.0,85.68799999999997
Mg2Si1,800.0,83.889
Mg2Si1,700.0,82.006
Mg2Si1,600.0,79.831
Mg2Si1,500.0,77.278
Mg2Si1,400.0,73.764
Mg2Si1,300.0,67.994
Mo2S3,298.0,109.294
Mo2S3,2300.0,185.93900000000002
Mo2S3,2200.0,182.625
Mo2S3,2100.0,179.30900000000003
Mo2S3,2080.0,178.645
Mo2S3,2000.0,175.989
Mo2S3,1900.0,172.666
Mo2S3,1800.0,169.33900000000003
Mo2S3,1700.0,166.00599999999997
Mo2S3,1600.0,162.666
Mo2S3,1500.0,159.317
Mo2S3,1400.0,155.957
Mo2S3,1300.0,152.582
Mo2S3,1200.0,149.186
Mo2S3,1100.0,145.762
Mo2S3,1000.0,142.297
Mo2S3,900.0,138.775
Mo2S3,800.0,135.162
Mo2S3,700.0,131.405
Mo2S3,600.0,127.399
Mo2S3,500.0,122.926
Mo2S3,400.0,117.464
Mo2S3,300.0,109.48899999999999
N1Zr1,298.0,40.44300000000001
N1Zr1,3900.0,73.81
N1Zr1,3800.0,73.10300000000002
N1Zr1,3700.0,72.396
N1Zr1,3600.0,71.693
N1Zr1,3500.0,70.986
N1Zr1,3400.0,70.279
N1Zr1,3300.0,69.572
N1Zr1,3225.0,69.041
N1Zr1,3200.0,68.86399999999999
N1Zr1,3100.0,68.157
N1Zr1,3000.0,67.45
N1Zr1,2900.0,66.743
N1Zr1,2800.0,66.032
N1Zr1,2700.0,65.321
N1Zr1,2600.0,64.61399999999999
N1Zr1,2500.0,63.898
N1Zr1,2400.0,63.187
N1Zr1,2300.0,62.471000000000004
N1Zr1,2200.0,61.756
N1Zr1,2100.0,60.973
N1Zr1,2000.0,60.32100000000001
N1Zr1,1900.0,59.597
N1Zr1,1800.0,58.87300000000001
N1Zr1,1700.0,58.14100000000001
N1Zr1,1600.0,57.409
N1Zr1,1500.0,56.668
N1Zr1,1400.0,55.915
N1Zr1,1300.0,55.153
N1Zr1,1200.0,54.379
N1Zr1,1100.0,53.58
N1Zr1,1000.0,52.751999999999995
N1Zr1,900.0,51.882
N1Zr1,800.0,50.94
N1Zr1,700.0,49.894
N1Zr1,600.0,48.66
N1Zr1,500.0,47.078
N1Zr1,400.0,44.756
N1Zr1,300.0,40.556
N4Si3,298.0,99.53299999999999
N4Si3,2900.0,188.05599999999998
N4Si3,2800.0,187.81799999999998
N4Si3,2700.0,187.567
N4Si3,2600.0,187.303
N4Si3,2500.0,187.025
N4Si3,2400.0,186.734
N4Si3,2300.0,186.429
N4Si3,2200.0,186.111
N4Si3,2100.0,185.78
N4Si3,2000.0,185.435
N4Si3,1900.0,184.53900000000002
N4Si3,1800.0,183.452
N4Si3,1700.0,182.171
N4Si3,1600.0,180.548
N4Si3,1500.0,178.657
N4Si3,1400.0,175.92
N4Si3,1300.0,172.53099999999995
N4Si3,1200.0,168.49
N4Si3,1100.0,163.678
N4Si3,1000.0,158.155
N4Si3,900.0,152.298
N4Si3,800.0,145.812
N4Si3,700.0,138.072
N4Si3,600.0,129.704
N4Si3,500.0,120.708
N4Si3,400.0,110.667
N4Si3,300.0,99.788
N5P3,298.0,148.95
N5P3,1400.0,271.904
N5P3,1300.0,271.207
N5P3,1200.0,269.868
N5P3,1100.0,267.888
N5P3,1000.0,265.26599999999996
N5P3,900.0,261.5
N5P3,800.0,255.22400000000002
N5P3,700.0,246.856
N5P3,600.0,234.304
N5P3,500.0,217.56799999999998
N5P3,400.0,192.46400000000003
N5P3,300.0,149.787
Na2S1,298.0,82.801
Na2S1,1900.0,133.888
Na2S1,1800.0,133.888
Na2S1,1700.0,133.888
Na2S1,1600.0,133.888
Na2S1,1500.0,133.888
Na2S1,1445.0,133.888
Na2S1,1400.0,137.15200000000002
Na2S1,1300.0,187.65200000000002
Na2S1,1276.0,211.921
Na2S1,1276.0,211.93900000000002
Na2S1,1200.0,159.494
Na2S1,1100.0,110.458
Na2S1,1000.0,92.84299999999999
Na2S1,900.0,91.337
Na2S1,800.0,90.165
Na2S1,0.0,88.70100000000002
Na2S1,600.0,87.236
Na2S1,500.0,85.772
Na2S1,400.0,84.30799999999998
Na2S1,0.0,82.84299999999998
Nb2O5,298.0,131.988
Nb2O5,2200.0,184.00400000000002
Nb2O5,2100.0,183.862
Nb2O5,1900.0,183.435
Nb2O5,1800.0,183.12900000000002
Nb2O5,1785.0,183.075
Nb2O5,1700.0,182.745
Nb2O5,1600.0,182.263
Nb2O5,1500.0,181.665
Nb2O5,1400.0,180.92
Nb2O5,1300.0,179.99099999999999
Nb2O5,1200.0,178.828
Nb2O5,1100.0,177.36
Nb2O5,1000.0,175.502
Nb2O5,800.0,170.03799999999995
Nb2O5,700.0,166.013
Nb2O5,500.0,153.841
Nb2O5,400.0,144.99200000000005
Nb2O5,300.0,132.32
Ni1,298.0,25.987
Ni1,2400.0,48.702
Ni1,2300.0,47.446999999999996
Ni1,2200.0,46.191
Ni1,2100.0,44.978
Ni1,2000.0,43.806000000000004
Ni1,1900.0,42.677
Ni1,1800.0,39.33
Ni1,1728.0,38.535
Ni1,1700.0,38.284
Ni1,1600.0,37.279
Ni1,1500.0,36.317
Ni1,1400.0,35.397
Ni1,1300.0,34.518
Ni1,1200.0,33.681
Ni1,1100.0,32.928000000000004
Ni1,1000.0,32.217
Ni1,900.0,31.589000000000002
Ni1,800.0,31.003
Ni1,631.0,39.832
Ni1,631.0,39.832
Ni1,600.0,34.853
Ni1,500.0,31.045
Ni1,450.0,29.623
Ni1,400.0,28.493000000000002
Ni1,350.0,27.294
Ni1,300.0,26.024
Ni1S2,298.0,70.626
Ni1S2,1700.0,99.71700000000001
Ni1S2,1600.0,97.64200000000001
Ni1S2,1500.0,95.56700000000001
Ni1S2,1400.0,93.491
Ni1S2,1300.0,91.416
Ni1S2,1280.0,91.001
Ni1S2,1200.0,89.34100000000002
Ni1S2,1100.0,87.266
Ni1S2,1000.0,85.19
Ni1S2,900.0,83.115
Ni1S2,800.0,81.04
Ni1S2,700.0,78.965
Ni1S2,600.0,76.889
Ni1S2,500.0,74.814
Ni1S2,400.0,72.73899999999998
Ni1S2,300.0,70.664
Ni3S2,298.0,117.738
Ni3S2,1500.0,188.615
Ni3S2,1400.0,188.615
Ni3S2,1300.0,188.615
Ni3S2,1200.0,188.615
Ni3S2,1100.0,188.615
Ni3S2,1062.0,188.615
Ni3S2,1000.0,188.615
Ni3S2,900.0,188.615
Ni3S2,829.0,152.19
Ni3S2,829.0,188.615
Ni3S2,800.0,150.708
Ni3S2,700.0,145.436
Ni3S2,600.0,139.91299999999998
Ni3S2,500.0,133.972
Ni3S2,400.0,127.11
Ni3S2,300.0,117.947
Ni3S4,298.0,164.808
Ni3S4,1000.0,265.638
Ni3S4,900.0,251.27
Ni3S4,800.0,236.90599999999998
Ni3S4,700.0,222.53900000000002
Ni3S4,600.0,208.171
Ni3S4,500.0,193.80700000000002
Ni3S4,400.0,179.43900000000005
Ni3S4,300.0,165.076
O1Pb1,298.0,45.773
O1Pb1,1300.0,64.183
O1Pb1,1200.0,62.927
O1Pb1,1100.0,61.672
O1Pb1,1000.0,60.417
O1Pb1,900.0,59.162
O1Pb1,800.0,57.907
O1Pb1,762.0,57.43
O1Pb1,700.0,56.651
O1Pb1,600.0,55.396
O1Pb1,500.0,53.43
O1Pb1,400.0,50.375
O1Pb1,300.0,45.86600000000001
O1Sr1,298.0,45.409
O1Sr1,3500.0,73.086
O1Sr1,3400.0,72.438
O1Sr1,3300.0,71.785
O1Sr1,3200.0,71.132
O1Sr1,3100.0,70.479
O1Sr1,3000.0,69.827
O1Sr1,2938.0,69.425
O1Sr1,2900.0,69.17399999999999
O1Sr1,2800.0,68.517
O1Sr1,2700.0,67.86399999999999
O1Sr1,2600.0,67.208
O1Sr1,2500.0,66.551
O1Sr1,2400.0,65.89
O1Sr1,2300.0,65.229
O1Sr1,2200.0,64.563
O1Sr1,2100.0,63.898
O1Sr1,2000.0,63.229
O1Sr1,1900.0,62.559
O1Sr1,1800.0,61.881
O1Sr1,1700.0,61.199
O1Sr1,1600.0,60.50899999999999
O1Sr1,1500.0,59.81
O1Sr1,1400.0,59.103
O1Sr1,1300.0,58.379
O1Sr1,1200.0,57.638999999999996
O1Sr1,1100.0,56.87300000000001
O1Sr1,1000.0,56.074
O1Sr1,900.0,55.22
O1Sr1,800.0,54.3
O1Sr1,700.0,53.262
O1Sr1,600.0,52.049
O1Sr1,500.0,50.534
O1V1,298.0,45.50100000000001
O1V1,2500.0,83.18299999999998
O1V1,2400.0,81.718
O1V1,2300.0,80.25
O1V1,2200.0,78.781
O1V1,2100.0,77.298
O1V1,2063.0,76.747
O1V1,2000.0,75.847
O1V1,1900.0,74.339
O1V1,1800.0,72.851
O1V1,1700.0,71.351
O1V1,1600.0,69.842
O1V1,1500.0,68.325
O1V1,1400.0,66.791
O1V1,1300.0,65.243
O1V1,1200.0,63.677
O1V1,1100.0,62.08600000000001
O1V1,1000.0,60.463
O1V1,900.0,58.803000000000004
O1V1,800.0,57.099
O1V1,700.0,55.343
O1V1,600.0,53.53
O1V1,500.0,51.651
O1V1,400.0,49.58
O1V1,300.0,45.647
O2.72W1,298.0,68.283
O2.72W1,2900.0,119.579
O2.72W1,2800.0,118.324
O2.72W1,2700.0,117.068
O2.72W1,2600.0,115.81299999999999
O2.72W1,2500.0,114.55799999999999
O2.72W1,2400.0,113.303
O2.72W1,2300.0,112.04799999999999
O2.72W1,2200.0,110.792
O2.72W1,2100.0,109.537
O2.72W1,2000.0,108.28200000000001
O2.72W1,1900.0,107.027
O2.72W1,1800.0,105.772
O2.72W1,1700.0,104.516
O2.72W1,1600.0,103.26100000000001
O2.72W1,1500.0,102.006
O2.72W1,1400.0,100.751
O2.72W1,1300.0,99.286
O2.72W1,1200.0,97.822
O2.72W1,1100.0,96.441
O2.72W1,1000.0,95.01899999999999
O2.72W1,900.0,93.471
O2.72W1,800.0,91.839
O2.72W1,700.0,89.81
O2.72W1,600.0,86.985
O2.72W1,500.0,82.927
O2.72W1,400.0,76.902
O2.72W1,300.0,68.408
O2.96W1,298.0,72.383
O2.96W1,2900.0,124.6
O2.96W1,2800.0,123.344
O2.96W1,2700.0,122.089
O2.96W1,2600.0,120.834
O2.96W1,2500.0,119.579
O2.96W1,2400.0,118.324
O2.96W1,2300.0,117.068
O2.96W1,2200.0,115.81299999999999
O2.96W1,2100.0,114.55799999999999
O2.96W1,2000.0,113.303
O2.96W1,1900.0,112.04799999999999
O2.96W1,1800.0,110.792
O2.96W1,1700.0,109.537
O2.96W1,1600.0,108.28200000000001
O2.96W1,1500.0,107.194
O2.96W1,1400.0,106.10600000000001
O2.96W1,1300.0,104.851
O2.96W1,1200.0,103.512
O2.96W1,1100.0,102.215
O2.96W1,1000.0,100.709
O2.96W1,900.0,99.37
O2.96W1,800.0,97.404
O2.96W1,700.0,95.31200000000001
O2.96W1,600.0,92.257
O2.96W1,500.0,87.86399999999998
O2.96W1,400.0,81.50399999999998
O2.96W1,300.0,72.634
O2Pb1,298.0,61.17
O2Pb1,1100.0,79.669
O2Pb1,1000.0,79.301
O2Pb1,900.0,78.602
O2Pb1,800.0,77.571
O2Pb1,700.0,76.21
O2Pb1,600.0,74.517
O2Pb1,500.0,71.69800000000002
O2Pb1,400.0,67.613
O2Pb1,300.0,61.31800000000001
O2Ti1,298.0,55.271
O2Ti1,1900.0,77.446
O2Ti1,1800.0,77.362
O2Ti1,1700.0,77.237
O2Ti1,1600.0,77.111
O2Ti1,1500.0,76.944
O2Ti1,1400.0,76.735
O2Ti1,1300.0,76.484
O2Ti1,1200.0,76.191
O2Ti1,1100.0,75.814
O2Ti1,1000.0,75.354
O2Ti1,900.0,74.726
O2Ti1,800.0,73.86
O2Ti1,700.0,72.655
O2Ti1,600.0,70.89
O2Ti1,500.0,68.145
O2Ti1,400.0,63.593
O2Ti1,300.0,55.471000000000004
O2Zr1,298.0,56.191
O2Zr1,3400.0,74.475
O2Zr1,3300.0,74.475
O2Zr1,3200.0,74.475
O2Zr1,3100.0,74.475
O2Zr1,3000.0,74.475
O2Zr1,2950.0,74.475
O2Zr1,2900.0,74.475
O2Zr1,2800.0,74.475
O2Zr1,2700.0,74.475
O2Zr1,2600.0,74.475
O2Zr1,2500.0,74.475
O2Zr1,2400.0,74.475
O2Zr1,2300.0,74.475
O2Zr1,2200.0,74.475
O2Zr1,2100.0,74.475
O2Zr1,2000.0,74.475
O2Zr1,1900.0,74.475
O2Zr1,1800.0,74.475
O2Zr1,1700.0,74.475
O2Zr1,1600.0,74.475
O2Zr1,1500.0,74.475
O2Zr1,1478.0,80.108
O2Zr1,1478.0,74.475
O2Zr1,1400.0,79.45
O2Zr1,1300.0,78.58
O2Zr1,1200.0,77.684
O2Zr1,1100.0,76.743
O2Zr1,1000.0,75.747
O2Zr1,900.0,74.663
O2Zr1,800.0,73.45
O2Zr1,700.0,72.023
O2Zr1,600.0,70.237
O2Zr1,500.0,67.764
O2Zr1,400.0,63.848
O2Zr1,300.0,56.262
O3V2,298.0,104.963
O3V2,2700.0,193.437
O3V2,2600.0,189.97799999999998
O3V2,2500.0,186.52599999999998
O3V2,2400.0,183.08599999999998
O3V2,2340.0,181.021
O3V2,2200.0,176.24599999999995
O3V2,2100.0,172.847
O3V2,2000.0,169.468
O3V2,1900.0,166.112
O3V2,1800.0,162.782
O3V2,1700.0,159.481
O3V2,1600.0,156.221
O3V2,1500.0,153.005
O3V2,1400.0,149.841
O3V2,1300.0,146.741
O3V2,1200.0,143.718
O3V2,1100.0,140.786
O3V2,1000.0,137.957
O3V2,900.0,135.246
O3V2,800.0,132.639
O3V2,700.0,130.071
O3V2,600.0,127.32600000000001
O3V2,500.0,123.75
O3V2,400.0,117.54
O3V2,300.0,105.26
O4Pb2Si1,298.0,136.984
O4Pb2Si1,1900.0,201.292
O4Pb2Si1,1800.0,200.12099999999998
O4Pb2Si1,1700.0,199.033
O4Pb2Si1,1600.0,197.903
O4Pb2Si1,1500.0,196.648
O4Pb2Si1,1400.0,195.30900000000003
O4Pb2Si1,1300.0,193.71900000000002
O4Pb2Si1,1200.0,192.046
O4Pb2Si1,1100.0,190.79
O4Pb2Si1,1000.0,189.11700000000002
O4Pb2Si1,900.0,186.774
O4Pb2Si1,800.0,184.18
O4Pb2Si1,700.0,180.12099999999995
O4Pb2Si1,600.0,173.343
O4Pb2Si1,500.0,163.762
O4Pb2Si1,400.0,152.005
O4Pb2Si1,300.0,137.235
O4Si1Zr1,298.0,98.65899999999999
O4Si1Zr1,2900.0,150.624
O4Si1Zr1,2800.0,150.624
O4Si1Zr1,2700.0,150.624
O4Si1Zr1,2600.0,150.624
O4Si1Zr1,2500.0,150.624
O4Si1Zr1,2400.0,150.624
O4Si1Zr1,2300.0,150.624
O4Si1Zr1,2200.0,150.624
O4Si1Zr1,2100.0,150.624
O4Si1Zr1,2000.0,150.624
O4Si1Zr1,1900.0,150.624
O4Si1Zr1,1800.0,150.624
O4Si1Zr1,1700.0,150.624
O4Si1Zr1,1600.0,150.624
O4Si1Zr1,1500.0,150.624
O4Si1Zr1,1400.0,150.415
O4Si1Zr1,1300.0,150.164
O4Si1Zr1,1200.0,149.704
O4Si1Zr1,1100.0,148.741
O4Si1Zr1,1000.0,147.27700000000004
O4Si1Zr1,900.0,145.268
O4Si1Zr1,800.0,142.674
O4Si1Zr1,700.0,138.825
O4Si1Zr1,600.0,133.679
O4Si1Zr1,500.0,125.93799999999999
O4Si1Zr1,400.0,114.64200000000001
O4Si1Zr1,300.0,99.119
P1,298.0,23.825
P1,900.0,26.485
P1,800.0,26.485
P1,700.0,26.485
P1,600.0,26.485
P1,500.0,26.485
P1,450.0,25.997
P1,400.0,25.313000000000002
P1,350.0,24.730999999999998
P1,317.3,24.351
P1,300.0,23.87
Pb1S1,1700.0,62.551
Pb1S1,1600.0,61.714
Pb1S1,1500.0,60.876999999999995
Pb1S1,1400.0,59.957
Pb1S1,1300.0,59.036
Pb1S1,1200.0,58.074
Pb1S1,1100.0,57.153
Pb1S1,1000.0,56.191
Pb1S1,900.0,55.271
Pb1S1,800.0,54.308
Pb1S1,700.0,53.346000000000004
Pb1S1,600.0,52.38399999999999
Pb1S1,500.0,51.463
Pb1S1,400.0,50.458999999999996
Pb1S1,300.0,49.455
S1,700.0,31.045
S1,600.0,28.995
S1,500.0,26.945
S1,450.0,25.92
S1,400.0,24.895
S1,368.3,24.246
S1,350.0,23.87
S1,300.0,22.744
S1,298.0,22.698
S1Sr1,2900.0,66.212
S1Sr1,2800.0,65.689
S1Sr1,2700.0,65.166
S1Sr1,2600.0,64.643
S1Sr1,2500.0,64.12
S1Sr1,2400.0,63.597
S1Sr1,2300.0,63.074
S1Sr1,2200.0,62.551
S1Sr1,2100.0,62.028
S1Sr1,2000.0,61.505
S1Sr1,1900.0,60.982
S1Sr1,1800.0,60.458999999999996
S1Sr1,1700.0,59.951
S1Sr1,1600.0,59.455
S1Sr1,1500.0,58.937
S1Sr1,1400.0,58.409
S1Sr1,1300.0,57.87
S1Sr1,1200.0,57.32100000000001
S1Sr1,1100.0,56.777
S1Sr1,1000.0,56.233000000000004
S1Sr1,900.0,55.522
S1Sr1,800.0,54.894
S1Sr1,700.0,54.099
S1Sr1,600.0,53.178999999999995
S1Sr1,500.0,51.882
S1Sr1,400.0,50.208
S1Sr1,300.0,48.727
S1Sr1,298.0,48.702
Sr1,1400.0,38.801
Sr1,1300.0,37.604
Sr1,1200.0,36.428000000000004
Sr1,1100.0,35.273
Sr1,1000.0,34.139
Sr1,900.0,33.027
Sr1,820.0,32.150999999999996
Sr1,800.0,31.935
Sr1,700.0,30.864
Sr1,600.0,29.814
Sr1,500.0,28.785
Sr1,450.0,28.278000000000002
Sr1,400.0,27.776999999999997
Sr1,350.0,27.298000000000002
Sr1,300.0,26.809
Sr1,298.0,26.791
Ti1,1600.0,55.22
Ti1,1500.0,49.763999999999996
Ti1,1400.0,44.948
Ti1,1300.0,40.771
Ti1,1200.0,37.233000000000004
Ti1,1166.0,36.175
Ti1,1100.0,34.334
Ti1,1000.0,32.074
Ti1,900.0,30.454
Ti1,800.0,29.471999999999998
Ti1,700.0,29.135
Ti1,600.0,28.596
Ti1,500.0,27.877
Ti1,450.0,27.41800000000001
Ti1,400.0,26.862
Ti1,350.0,26.169
Ti1,300.0,25.276
Ti1,298.0,25.238000000000003
V1,2600.0,52.028
V1,2500.0,50.103
V1,2400.0,48.178999999999995
V1,2300.0,46.254
V1,2200.0,44.32899999999999
V1,2190.0,44.14100000000001
V1,2100.0,42.468
V1,2000.0,40.92
V1,1900.0,39.539
V1,1800.0,38.2
V1,1700.0,37.028
V1,1600.0,35.857
V1,1500.0,34.811
V1,1400.0,33.806999999999995
V1,1300.0,32.74
V1,1200.0,31.798000000000002
V1,1100.0,30.878
V1,1000.0,30.083000000000002
V1,900.0,29.372
V1,800.0,28.66
V1,700.0,28.033
V1,600.0,27.489
V1,500.0,26.945
V1,450.0,26.61
V1,400.0,26.234
V1,350.0,25.680999999999997
V1,300.0,24.928
V1,298.0,24.896
Zn1,900.0,32.716
Zn1,800.0,31.284000000000002
Zn1,700.0,29.9
Zn1,692.73,29.802
Zn1,600.0,28.588
Zn1,500.0,27.386
Zn1,450.0,26.843000000000004
Zn1,400.0,26.346
Zn1,350.0,25.889
Zn1,300.0,25.406
Zn1,298.0,25.386999999999997
Zr1,1600.0,37.762
Zr1,1500.0,36.846
Zr1,1400.0,35.80699999999999
Zr1,1300.0,34.681
Zr1,1200.0,33.501999999999995
Zr1,1135.0,32.724000000000004
Zr1,1100.0,32.306
Zr1,1000.0,31.128
Zr1,900.0,30.003
Zr1,800.0,28.965999999999998
Zr1,700.0,28.053
Zr1,600.0,27.281
Zr1,500.0,26.564
Zr1,450.0,26.246
Zr1,400.0,25.935
Zr1,350.0,25.605999999999998
Zr1,298.0,25.201999999999998
