formula,target,pred-0
O3Sr1Ti1,106.3759995,77.36774445
Hf1Pd1Si1,89.84140015,69.79585266
Br9Rb3Sb2,4.953199863,5.172477722
Cd1Er2Se4,18.5394001,25.33071709
F2Hg2,12.48089981,20.62031937
Mo3Pt1,74.80750275,114.7007294
Ge2Pd2Th1,49.89820099,40.2112236
Al1F5K2,14.07139969,15.88746643
F2Ni1,46.0345993,34.64653778
Al1Mg3Pt2,44.39799881,55.69314194
Al3Ta1,98.11660004,66.4486618
Al1F3,76.30580139,28.74095154
Be13Th1,118.3160019,123.1399612
In3Pr1,38.93090057,26.73799706
Mn1Rh1Sb1,32.09790039,33.61317444
Cd1N1,11.34140015,32.18235779
As4Ge3,29.11860085,31.99942017
B1Ir3Sc1,113.185997,138.2106476
Li2S1,33.52519989,36.50920486
Cl4Mg1Na2,12.55280018,16.54681778
La1Si1,44.28530121,40.04859543
Cd1Dy2Ge2,49.30199814,39.94171143
B4Ta3,199.1329956,197.5501404
Na2Pd1Se2,12.85760021,12.20901871
Rh1Sn1,48.60079956,39.12647629
B2Ti1,237.2619934,201.6338806
As1K1Mg1,18.84449959,12.34364319
As1Au1Ca1,28.65430069,31.33322334
As1Fe1Nb1,56.72589874,86.98977661
Ba1O3Pu1,57.07759857,42.28000259
B1C2Sc2,71.34049988,95.28341675
Si2Th1,33.16139984,37.47503662
Ba1Ir2P2,52.87279892,65.34078979
Al3C3Tb1,135.1499939,128.7158813
Ir3Si1,122.663002,112.4152374
Ga2Ta3,107.1460037,68.66474915
Dy1Mg3,26.0821991,10.68838501
Ag1I1,5.083360195,7.236381531
Hg1K1Sb1,12.2833004,8.648834229
Hg1P1Pd5,37.13909912,34.01839447
Al1Pt1Zr1,61.11410141,65.81951141
Ca1Li1N1,40.63000107,36.63523865
Co3Fe1,68.88200378,77.60155487
Be2Hf1,104.3389969,95.38519287
B2Zr1,228.7810059,151.7367554
Al3C3Gd1,131.5110016,120.536972
Mn3N1Pd1,51.59500122,53.63508606
As1Rh2,49.61059952,61.81468964
Cu1S2,31.50309944,24.33456039
F1K1,13.38160038,14.25901031
Er2Mg1,20.79229927,19.5037117
Al3Hf1,84.520401,79.75848389
Pt3V1,90.48179626,102.6810684
P7Ru12Sc2,97.28649902,84.48439026
Ni1Sb1Y1,54.63890076,51.66135788
As1In1,25.70240021,32.35033417
Ge2Ru2Tb1,60.85169983,63.35038757
Cl6Cs2Pt1,5.016630173,6.381706238
Dy1Rh1Sn1,38.24520111,41.80518723
Cl4Hg3O1,5.092790127,12.11604691
Dy4Ge6Ir7,96.93920135,75.64574432
Cu2Er1In1,39.52619934,41.76376343
C2Pu1W1,128.4060059,83.38830566
La2O2S1,49.32899857,28.29301071
B2C2Dy1,123.4629974,118.2110977
Be1Li1Sb1,46.87860107,30.31510353
Pd1Sb1Yb1,15.23840046,23.57673073
Cu3N1Pd0.25,35.28969955,54.48391724
Co1Sb3,56.24769974,50.85984421
Cd1O2Rb2,13.63259983,11.46252441
Cu1K1Se1,21.7112999,10.29317474
La2O7Ti2,87.08699799,105.2739563
Hf1Os1,124.9990005,94.62504578
K5Sb4,8.751110077,10.8009758
Ga1O3Pr1,43.84690094,66.72541809
Pb1S1,26.19860077,30.48921585
Be1Mo3,103.0329971,103.9147263
Ho1Tl3,11.3718996,13.60253143
Co1Hf1,75.98539734,53.7007103
Al1Pd1Th1,28.38120079,31.34399033
Ca5P8,37.5381012,52.71454239
Hf1Pt1,55.14229965,87.28027344
Al1Pt1Ti1,57.1208992,65.25793457
As2Mg3,32.1617012,21.25387764
La1Pb3,16.73320007,23.79320717
Al3Sc1,60.64970016,64.71563721
Cd1Dy4Rh1,29.67749977,22.54033661
La1P1,45.79600143,33.94966125
As1Bi1O4,38.61769867,59.5045929
N1Zr1,151.1869965,77.25031281
As1Sr1,23.74690056,23.86823273
H2Sc1,66.01999664,61.99560928
Er1Pt2Si2,46.05770111,65.04631042
B2Li2Rh3,80.23329926,94.6315918
O2Zr1,83.11129761,81.36109924
Au3Ho3Sb4,39.09180069,34.51451111
Ru1Sb1Zr1,45.04309845,64.5395813
O1Zr3,56.26900101,57.96463394
Cl1K1,9.47220993,10.99138641
Mg1Tl1,4.944409847,18.67945862
As1Ba1Cu1,34.23320007,23.55381584
Ce1Ga1Ni1,39.85570145,39.5145874
Cu2Ge2La1,54.25859833,53.63033676
Ni3S4,40.27209854,58.26769638
B1H4Na1,12.56130028,11.43844986
Mg1O6Ta2,97.78289795,109.8753662
Cu1Mg1Sn1,22.11370087,34.72091293
La3Sn4,30.32729912,24.71815681
Al2Au1,31.40439987,46.12930298
Ba3S5Ti1,21.4368,27.56579399
Hf1Ni1Si1,102.2320023,95.30465698
K8Si46,53.11500168,48.22930145
Cr1P1,60.99729919,52.50629425
B4Os3Sc1,175.1269989,156.6560669
B1Ho1Rh3,89.88480377,83.43670654
Ba3P4,19.22400093,27.77763176
Rh1Sn1Y1,39.58390045,49.40356827
Au3Sb4Tb3,38.59680176,34.47956848
Ru1Si3Th1,58.92419815,65.24872589
Al1Au1Dy1,39.95999908,41.61679077
Ag1Pt3,54.16439819,48.97801208
Co1P3,112.6520004,100.4494476
Ca2Pb1,14.94569969,8.106620789
Hf1Mo2,65.06159973,97.22174072
Hg1Sn1Sr1,22.29140091,12.17584991
Be1N2Si1,175.2590027,149.5588684
Pa1Pt5,86.53849792,56.31403351
Au2Ho1In1,21.23320007,27.1864872
B12Dy1,211.3540039,71.8923111
Cu4Mg1Y1,41.98199844,25.53519249
Au2Bi1Tb5,20.7845993,26.44586182
Cu1Sn1Tb1,47.44340134,46.39473724
O1Zn1,50.51330185,52.12194443
La1Pd1Sn1,27.85490036,27.95920181
Ge1Mg1N2,83.98930359,94.49651337
Pb1Pu3,24.66570091,16.43229675
Os2Si2Y1,86.02030182,86.77923584
In3Zr1,51.65710068,23.72800446
Pd1Ta1,76.42070007,65.48290253
In1Lu2Pd2,37.69290161,32.42185974
Ni12P7Sc2,69.24130249,76.73159027
Mg6Ni16Si7,83.4197998,83.9914856
Al2Cd1Te4,15.73379993,12.77912521
Al3C4Zr2,148.9349976,133.3804321
Ge2Pt1,46.23220062,20.04105759
Ge1Li2Zn1,41.25310135,35.04273987
La2Sb1,29.3253994,24.76482201
Al1Ba1Ge1,34.21480179,29.65810585
Al1Pt1Th1,38.71429825,38.59249496
Hf1O2,115.0820007,111.395607
Fe1H6Sr2,38.75109863,38.24145508
Cu1Si1Y1,61.76760101,48.31798553
Al2La5Ru3,27.86529922,24.56137085
Ca1H3Rb1,19.53109932,18.27030945
Nb1Te4,20.57589912,26.68930054
Pd1S1Sb1,29.25519943,32.23194885
Ga1Li1Se2,17.52339935,20.32788086
Er1H1,39.18080139,49.32949448
I1K3O1,12.98019981,12.66345596
Ru3Si2Th1,91.83029938,104.7354889
O4Si1Zr1,101.1660004,97.8666687
Na1O4Pt3,68.42890167,65.07420349
Ba1Pd1S2,14.63759995,23.24201393
Al16Pd7Sc6,52.25260162,58.8142395
Au4Cr1,27.30610085,32.53412628
Ga1Li1Mg2,17.29129982,21.82740021
N1Rh1,111.0709991,109.4242096
Ca1Pd2Si2,39.58549881,37.77000046
Ir1Nb1,95.79589844,115.2983322
Ru2Sn3,60.69540024,43.73303986
Au1Zn1,23.09679985,28.02156448
Mo1Pt2,124.4000015,99.21677399
Ho1S1,44.15909958,40.5528717
Mg1Pd1Sb1,29.40180016,17.82610703
B6Ba1,130.2220001,98.13462067
P1Rh2,81.54540253,68.68959045
Au1O2Rb1,12.42720032,15.29919815
Ho1Re2,43.95159912,53.16933823
Er1Ge1Ru1,46.43930054,60.49324417
Ca2Nb2O7,92.6434021,86.23936462
Al2Au2Dy1,37.78409958,45.825737
P4Th3,58.47769928,47.01702881
Ga1S8Ti4,31.46980095,32.71221161
Ag1Cd1Sb1,5.166659832,14.01143265
Mg2Sr1,16.75779915,11.26556015
H2Mg1Ni1,49.57720184,39.69157791
Cl6Cs2Ge1,4.559500217,6.910667419
Al1Au1Yb1,26.90180016,26.60461998
Mn2O5Sr2,62.0530014,40.71970367
Pb1Se2,18.56949997,8.342941284
Er2O7Sn2,88.31150055,100.0101547
In2O3,60.14479828,50.67233658
C1Ta1,201.072998,152.7044373
Si2Sr1,30.3920002,37.42780685
Rh3Si2Y1,100.3310013,102.2664795
Sn1V3,36.26929855,77.70347595
Al4Zr5,46.06100082,60.74465942
Si2Y1,21.26510048,50.20744324
Cu1Ho1,34.18090057,29.0062809
Dy2O7Sn2,87.07309723,89.55258179
S3Y2,40.87409973,44.08868408
Cu1Ga2,36.40739822,57.87405396
Al2Ba1,31.41090012,33.01217651
Au1Mn2,26.04500008,28.16295242
Co1Zr2,18.25659943,38.38681793
Ni1Sc2,29.14299965,40.37524414
In1Sr3,8.421039581,8.956523895
Th1Zn4,46.29510117,34.95324707
Ag1Bi1K2,8.338970184,6.900348663
C1Ru1,97.05609894,182.3192444
F3Mo1,35.64619827,28.73500824
Ge3W5,74.7766037,126.215004
Cd1Cu2Zr1,54.37770081,36.52299118
Ge1V1Zr1,66.02269745,81.11621094
Ge1Os1Zr1,96.45359802,95.78366089
Al2Mg1O4,98.16549683,85.1859436
Al1Zr2,40.82369995,56.78568268
Cu1O2Sr1,44.39550018,46.49015808
Nb1S2Sn0.333,41.64300156,34.22961044
As1Ni1S1,54.67789841,39.98013687
Ge2La1Li1,40.69900131,48.02764511
Au1Ca1In2,26.9034996,25.21899986
S1Sr1,32.16630173,23.60898209
Cu2S1,24.78739929,15.67726517
Cu1Hf4P1,41.20190048,86.57266235
Cr1P4,99.0582962,73.3553009
Ca1P2Rh2,75.00039673,70.24671173
Te1Th1,52.97299957,21.53285217
Pd1Sn1,27.04269981,26.95256042
La1Pt2Si2,58.33520126,55.04425049
Mn1Ni1Sb1,35.39649963,24.75850487
Ru2Tb1,22.92569923,48.99960327
Si1Ta2V3,61.70740128,115.1831818
Mn1P1Zr1,75.60669708,56.56613541
P3Ru1,115.2409973,115.3709946
Ir2Zr1,124.8779984,126.5653687
Au2Be1,31.21489906,26.85879898
Se1U1,25.23340034,26.56847382
Ag1Co1O2,44.5326004,24.53881836
Ba1F3Li1,42.41030121,21.44161415
Ir1V3,122.5419998,96.41375732
Cs2H4Mg1,11.71430016,13.42849731
C1In1Zr2,85.30120087,48.81049728
F3K1Zn1,38.02130127,30.42308807
O4Pb1Sr2,44.19940186,55.11481476
Rh2Si3Y3,63.58039856,51.31045914
Au1Yb1,14.19419956,17.01959229
Hg1Pt3,11.7784996,45.48127747
Cr1Er1O4,58.04249954,113.3643494
N4Si3,124.9660034,125.6755447
Nb1Zn3,76.09729767,62.70385742
N1Pt2Zr4,65.68650055,56.16833496
Er2O3,67.81999969,62.83234787
Al2Pt1,31.44809914,79.57141113
Be1Li1P1,44.02019882,55.47303772
Al16Ni7Sc6,66.75669861,66.62620544
Cs1F3Pb1,16.54310036,17.75193787
As1C1Nb2,118.7409973,86.63916779
Dy1Hg2,30.33740044,23.55539513
N2Sr2Zn1,35.26929855,44.96685028
Mn2O7Y2,103.9639969,69.66368103
Os2P2Sr1,52.35770035,66.71372223
Cd1O3Ti1,87.24269867,68.51942444
Mg1Ni1Sb1,41.76440048,42.14749146
Ga3Ni2,64.6780014,49.90666199
Sn3Y1,13.95960045,28.27811241
Pt1Sb1,27.02120018,41.08657455
Mg5Pd10Si16,57.22489929,54.94924164
Ba1Cu2S2,29.19709969,20.59095001
Hg1O2Rb2,11.60000038,11.99662399
K3Sb1Se3,6.852749825,6.317638397
Cu1Pd1,40.84730148,25.78624344
Ca4Hg9,10.92980003,12.51236725
Ho1Pd1Sn1,32.52030182,29.2532711
Li2O1,69.47530365,41.33159256
Cd1Pd1,38.01639938,24.55552673
Al18Mg3Ta2,50.67309952,48.60538483
Ag1Ge1Tb1,21.65749931,39.64074707
Cd1Lu2S4,25.19009972,23.66061401
Ga1Pt1Zr1,70.2098999,55.40148926
Hf1O7V2,35.9958992,51.88166809
Lu1Ni1Sb1,57.16210175,60.04520798
Os1Te2,86.7303009,18.53712463
Al1Li1O2,52.05250168,58.64467239
Mg2Pt1,39.69070053,49.33357239
Cu1Zr2,45.46989822,31.26251602
Al1Ir1,119.6539993,78.83294678
Ho1In3,28.25009918,27.33117676
Ge1Hf1Pt1,79.12950134,76.52484131
P1Ru2,92.65779877,83.3346405
C1Tb3Tl1,11.27579975,34.46260452
Pd2Si2Th1,66.64250183,56.86888123
N6Ta5,161.4199982,174.4299011
Br3Cs1Ge1,12.50549984,6.953037262
Co1Te2,30.14719963,24.29460335
Mn1Pt1,57.45569992,55.19623566
La1Mg1Ni4,33.10929871,50.16627121
Ir1W1,172.3099976,166.636734
Au2Bi1Dy5,19.98749924,30.15336227
C1Os1,100.0970001,187.0823059
Ag2Al1Sc1,23.35420036,25.87411308
Br1Eu1I1,11.97329998,16.75780106
Cs1O2Y1,39.56100082,17.06207657
Ga1Ni3,40.50329971,56.08300781
Ho1Zn2,32.79769897,34.43356323
Au2Ho1Si2,43.5591011,43.08345032
N1Tc1,115.0439987,176.0539703
Ge1S2,14.32120037,19.00714111
Er1Rh3Si2,101.237999,99.59819794
Ir3Sn7,50.44010162,26.16700554
Cd1O4Rh2,47.71419907,60.95836639
Mg3Sb2,18.68600082,20.21379089
Ho1Ir1Si1,72.9265976,74.51829529
Al1Bi1,22.67609978,37.16606522
Hg11K1,3.375099897,19.25323868
La3Ru4Sn13,31.65730095,43.6878891
Cl2H6N2,6.976039886,59.29701614
Al3Hf4,86.46510315,64.46789551
Pt3Sc1,75.72399902,61.87131882
Br3Cs1Mg1,6.037199974,6.276748657
Cu2Hf1In1,51.7826004,41.78173828
Mg2Zn11,33.76089859,30.09625435
Bi1Rh1S1,57.4897995,39.29888535
Ag2S1,13.32549953,11.21325302
Cu6O10Sr4,51.66220093,46.09276581
Hg1Zr3,57.87250137,27.00697327
O2Pt1,8.3708601,74.51128387
Au2Si2Sr1,41.08589935,28.05610466
Ir3U1,123.1880035,111.3829422
Br6Rb2Sn1,3.968270063,3.560958862
Li1O4V2,73.92359924,62.74933624
Co2Sc1Sn1,46.45759964,45.8445816
N1Ru1,120.6569977,149.8386536
La1S1,9.890330315,29.34462547
As2Dy2Ni1,50.59180069,53.22901535
Cd1P1Pd5,44.69390106,48.65412521
Er5Sb3,36.4382019,34.42166519
Ca1F4Pd1,32.2201004,29.08411789
Hf1Ni2,69.97879791,76.86999512
Dy1Hg1,19.94099998,24.26468658
F1Gd1S1,52.48189926,49.30673218
Ag1P1Sr1,33.85129929,26.52883911
Bi1Ni1Se1,37.87659836,35.87973785
Cr1O4V1,55.20399857,95.07139587
K5Te3,9.072660446,6.967079163
Au1Ca2N1,30.12240028,20.10246277
C1Fe6W6,80.62319946,100.3517151
Cd2O4Sn1,42.75469971,52.46559525
Mo3Sn1,94.22699738,94.5186615
Rh1Si1Y1,60.13629913,64.26450348
Ba1O3Tb1,46.6385994,58.40327454
Ge1Li1Y1,47.11389923,49.1596489
Mn2O7Sb2,87.48660278,76.46882629
O7Tb2Ti2,102.4489975,84.88830566
Ca1O1,34.11100006,33.66704178
Gd1O4V1,47.01599884,77.66094971
La1Rh3Si2,93.00279999,77.10353088
Be2Nb1,107.0390015,148.855484
Ag2Th1,31.35960007,28.97398186
Cu7Hf6Zn16,44.79970169,47.01169586
Mg1Se2,28.81889915,20.50337219
Er1Ir2Si2,106.7910004,106.6485138
Au2Ga2Sr1,20.5272007,19.56641769
Al18Mg3W2,59.41270065,69.2408905
Al5C3N1,112.2360001,182.0391235
Cr2Hg1S4,30.71750069,21.56410027
O3Y2,62.2961998,56.07193375
In1Ni2Sc1,54.72610092,46.25955963
Ge1Mn1Rh1,52.85770035,53.0908699
Dy1O4P1,61.67639923,47.43717957
As2Hg1O6,38.75260162,45.99684906
Ge2Ho2Mg1,57.80550003,52.64169312
Al1Co2Mn1,56.59000015,64.65354919
Ir1Lu1Si1,82.27030182,97.52577209
Ga2Mg1O4,77.71130371,73.80122375
Ho1In1Pt1,33.11429977,39.88982391
Ge1Hg1Li2,16.73089981,20.0940094
Bi2O7Pt2,78.08580017,63.87222672
In3Yb1,23.21689987,24.58970451
Pd2Ta1,69.40299988,76.82780457
Br1La5Sb3,33.92910004,30.90091515
Ag3As1O4,16.20350075,17.86700821
Rh1V3,102.6689987,72.64470673
Al1Cu1Ti2,40.66059875,55.77484512
Co1Si2Y1,64.82550049,62.05603409
Al1C1Co3,83.08200073,107.9207611
In1Zr3,53.53739929,28.71907234
Cr1S1,28.25449944,79.01528168
Ca1O4Pd3,50.5658989,56.37600327
K2S1,9.841520309,9.233131409
Bi2Pd5,28.37820053,44.11141968
Pt2W1,129.1049957,113.4805298
Cl6Cs2Ti1,3.881530046,5.166938782
Ir2S3,96.66770172,76.61510468
Cr2Cu1Te4,11.45460033,7.730464935
Ba1Ni1Sn3,28.25650024,28.19108963
Hf5Si3,87.84230042,87.2539444
Bi2Ho6Rh1,24.11269951,35.31932831
Be2Nb3,81.92579651,95.85510254
Ba3Sn5,17.35050011,21.70631027
Cl6K2Pd1,6.876490116,6.406787872
C1Pu1Ru3,74.08010101,23.12566948
La2O3,41.89630127,37.50163651
Mn1Rh2Sn1,61.61819839,55.96424866
In2Pt1Sr1,27.25440025,26.44856834
As1O4Sc1,66.95929718,74.05870056
P1Sn1,35.23630142,39.36499023
Ge1Li1Ni2,66.68900299,53.15217209
Ge1Ru1Sc1,85.12159729,72.65057373
Au1Er2,20.71459961,22.09497261
La1O3Ti1,47.11600113,101.6207886
Ho2In1,26.11109924,28.0225811
In2Mn1S4,23.40710068,20.06566238
Mg2Pb1,23.22570038,14.74046326
Hg2Pt1,22.18980026,29.63936234
Rh1Si1Ti1,88.46399689,96.90761566
Cu1Dy1Sn1,46.64319992,48.7100296
O3Rh1Tb1,72.55970001,66.87309265
B6La1,110.6399994,123.8104324
Ni1Pd1Si1,64.13230133,59.57764435
Re3Ru1,184.1759949,92.9804306
N4Sn3,77.36840057,77.26677704
Ir4Sn4Sr3,29.74160004,31.4232769
Rh2Yb1,52.53020096,40.59956741
O2Os1,109.1350021,101.3973846
Ag2In1Li1,14.89949989,17.53416443
Be1C1N2,292.2850037,229.6812439
Bi1Pd1Yb1,15.99580002,22.79311562
Ca1Te1,23.3871994,23.05343056
Ge1Pd1Zr1,73.06800079,64.40476227
As2Cd1,18.61750031,25.34290314
Rh1Ti2,82.14579773,60.7216301
Ga1Sn2V2,57.47079849,52.32613373
Al2Er3,36.17720032,35.02344894
Al1Sc2,45.01309967,48.87241364
Hg1Ni1,30.33200073,26.68139076
B1Ge3Ta5,108.2679977,102.9450073
Dy1Pt1Sb1,47.49219894,47.72359085
Ba1Nb7O9,123.0589981,92.59223175
Ce1Se1,35.16189957,35.72575378
C2Tb1,40.74100113,63.19375992
Cd1Ho4Rh1,29.80380058,26.84540176
C3Ir5,60.88489914,160.2725525
B1C2N1,411.5929871,232.3883057
Ba1Ru2Sb2,42.30970001,39.67126465
Cd11Th1,30.14929962,30.87817192
Pr1Tl3,20.04730034,11.66757965
Gd2S3,39.77859879,45.47249222
B2W1,213.3970032,208.7885132
Ag1Ba1P1,31.03490067,25.52362633
Mg1Pd1Y1,17.06410027,18.31703949
P2Ru1,136.9019928,111.5125275
Rh2Si2Tb1,91.73660278,83.22280884
Mn1O3Sr1,67.44920349,41.0079155
O4Pr1V1,40.36249924,66.16111755
C2U1,82.90270233,114.978508
O4Pd3Tl1,38.59640121,46.97022247
Ga1Pt1Y1,30.7154007,33.79761505
Ca3Ga4Ni4,30.58259964,39.4355278
As1Cr1Ni1,63.60089874,41.55039215
Sb4Ta5,37.10250092,62.26943207
Ga4Nb5,90.38310242,99.14640808
Er3Rh1,16.25650024,23.0594368
La1Rh1Si3,57.17309952,55.6279335
Ta1Tc1,133.3569946,105.7683105
O1.03Sc1,82.13430023,66.94940948
Lu1Ru2Si2,76.35890198,103.4883652
Al2Fe1Zr6,48.55310059,51.47314453
Bi4Th3,35.46179962,27.55137444
Ag2Li1Sn1,17.50219917,19.55429077
Ag1O2Y1,28.41990089,33.05139923
Ce1P1,55.00699997,50.50634003
Ho1Si1Ti1,58.2478981,66.53311157
Ba1Nb1O3,86.14420319,75.43605042
O6Pt3Zn1,58.99150085,72.17460632
Cd1F3K1,22.01519966,24.41114616
Bi1Ga1,20.06669998,36.17110443
Pt1Si1Zr1,100.0530014,80.3240509
La1Ru2Si2,77.33840179,63.80775833
Au2S1,5.705530167,24.7406292
Pu1Zn2,33.22079849,25.7512989
B1Hf1,88.91220093,111.7537384
Au2Dy1In1,22.56019974,30.67167854
Al1Au1Ca1,25.78510094,23.29979515
Dy1Pd1,28.56819916,36.00770569
B2Ir6Sn5,52.63550186,74.47072601
Ca1Pd1Sn2,20.3029995,25.05698586
Ge2Rh2Y1,65.30460358,70.36832428
Cl6Cs2Te1,4.67854023,6.925296783
Co2Y3,23.62070084,17.30488968
Cr1Dy4Ga12,45.39630127,58.91466522
K1N1,8.529159546,19.18871689
Ir1Li1,50.23699951,67.12956238
Ga1O6Tb3,61.67839813,53.71194077
Mg1Y1Zn1,27.03230095,32.09049606
Ge13Os4Tb3,61.73130035,56.80903244
Mo3Si1,123.1600037,58.838974
Cu1Ge1Hf1,67.48680115,73.38977051
Be13Zr1,140.3300018,117.8463287
Al1H4Na1,22.74979973,35.14658356
Ho5Sb3,35.84360123,27.79328156
Al18Mg3V2,54.84049988,43.35388947
Ba5Sb4,14.11909962,17.62192535
In2Mg1O4,60.6867981,55.14848328
Al3Pt5,57.56539917,61.81401443
In1Rh1Tb4,31.63909912,29.67636299
Bi1Ga1O3,43.7879982,57.00196838
Ag1Cu4Tb1,27.50779915,21.97554588
Au1Sc1,41.41910172,44.15896225
C1Ti3Tl1,82.91190338,77.62734985
O3Sr1Zr1,87.83899689,71.43556213
Cd1Ho1,26.28700066,32.39167786
Cu1O1,20.1840992,31.71988487
Co1Sb2,58.73279953,50.081707
Ba1Cu2Sb2,30.29560089,32.86230469
Mn1Pb1Rh2,51.63059998,63.19037628
B1Pt1,98.68360138,88.84724426
Cd1Ni4Tb1,49.38679886,54.21524429
In1P1Pd5,51.8608017,46.98084259
Ca1O4Tl2,41.94779968,73.91316223
K1P2Rh2,34.83660126,53.14011002
Er1Si2,30.63929939,68.02966309
Pd1Si1Zr1,88.15139771,79.06173706
Au1C2Cs1,12.7098999,20.97660446
Bi1Dy1Rh1,38.7030983,40.02749634
As2Cs1Rh2,32.0870018,24.31096649
Cu1In1La1,23.19720078,33.87560272
Bi1Er5Pt2,21.26429939,34.92480469
In1Pt1Th1,42.71390152,28.85401344
Ge2In1Tb2,34.88579941,33.6833992
Al1La1,33.72409821,28.08987999
Ge3Ir2S3,59.05419922,50.64669418
Pd1Sb1Zr1,35.76919937,46.15468979
Al4Co1La1,59.67010117,60.11401367
Cs1I2Li1,5.550069809,6.74987793
S3Sr1Zr1,35.89199829,27.43632889
C1Y1,64.3647995,45.15006638
Au1K3O1,11.72360039,10.98653793
Na3Sb1Se4,8.512229919,10.39479828
Au1Zr3,41.19929886,42.01537323
C1Ru3Zr1,157.0740051,99.38014221
Au1Li1Sb1,3.778399944,15.52354813
F3K1Ni1,40.28509903,26.13617706
Tl1Yb1,11.54920006,18.56438446
Pd2Si3Y3,57.41429901,40.39551544
Dy1Si1,65.46430206,50.63934708
As1K3Se3,7.069439888,8.254283905
Na1O2,14.89299965,32.26135254
Pt1Sn1,37.67340088,39.60027313
Pb1Te1,9.70705986,14.10450745
Ti1Zn3,41.76240158,39.91175842
Al5Ba5Sn1,16.96590042,20.66767502
Ni1P1,67.03019714,61.76882935
Ho1In1Ir1,35.66830063,42.96482086
N1Tc2,159.3040009,169.159668
Fe1P1Zr1,83.65779877,105.1056976
Ba1Mo3Se3,30.41200066,31.65877533
Ge1Te1,40.57429886,21.25733185
B2C2Mg1,103.4380035,117.2758636
Cu4Mg1Sn1,52.33670044,34.03213882
Ho1Ir1Si3,58.20880127,66.58148193
Cu4Er1Pd1,33.9239006,43.55596161
Er2Hf2O7,97.52290344,99.78620911
Mg1Se1,16.44879913,26.21246529
Cd1Tb1,23.39649963,27.3582058
Al1F4Na1,40.61159897,20.60547256
Hf1W2,94.15409851,102.466217
P1Th1,47.5542984,40.09620285
Gd3In1N1,55.49169922,65.00794983
Na6O9S2,20.77960014,19.18321991
Ge13Ir4Y3,72.0141983,68.06137848
Ge2Ho1Ru2,60.02149963,69.70602417
Cd1O6Sb2,49.44850159,87.36669922
Ca1In4Rh1,34.19979858,24.33262825
Sn1Ta3,27.65579987,78.37878418
Pt1Ti3,67.96369934,51.09556198
Ni12P7Yb2,61.45569992,62.90016937
Ge6Ir7Mn4,76.51190186,81.02513885
Cu2In1Zr1,51.5632019,38.51227951
Al1Mn1Pt1,54.77740097,62.10855865
O4P1Tb1,60.53850174,53.43354034
Au1Cu4Tb1,15.89280033,53.03171158
Pd3Ti1,70.82180023,40.24668121
Pb1Pt3,40.0102005,55.99734879
B1Zr1,86.42510223,109.275383
Ni1O1,95.08049774,84.65019989
Be22Mo1,149.7969971,121.5921783
Cs1N3,6.973770142,22.08358383
In1Sc2,38.37889862,42.5899353
H3K1Mg1,32.46760178,21.30716133
Ba1Ga4,30.93099976,35.58089447
Cu6O8Pb1,39.03430176,51.85193634
C1Ni2W4,139.4129944,121.9555664
Ir2La1Si2,68.10489655,77.99641418
Ag3O4P1,19.05410004,17.95862579
Dy1Ir2,88.48680115,81.62201691
Cu1Fe2Ge2,85.90830231,63.81188583
Tl3U1,19.24360085,13.5818634
As2Cd1Si1,30.74419975,33.33261108
Ca2Si1,21.99060059,23.75984383
Cd2La1,21.09499931,23.14819527
Ni1Sb1Tb1,55.48180008,40.20660019
As1Co1S1,99.28890228,49.42161179
As1Pt5Zn1,65.8463974,65.01869202
As1Ge1,37.08919907,31.64986801
H1Ti1,49.50080109,57.30599213
Au1Ca1Sb1,22.72139931,22.036129
Lu2Mg1S4,27.20540047,30.40525436
Al4La1,25.03269958,46.70653534
Ag1P1Pt5,44.27140045,54.86849213
B6Ni21Zr2,75.32080078,62.7231636
B2Tc1,245.576004,106.9585266
Ce1Co1Si3,75.75810242,62.13459778
Nb5P4Pd4,73.25769806,93.48381042
S4Sc2Zn1,33.88999939,33.55661774
Ga1Rh1,54.57149887,44.09817505
Ni1Pt1,90.64399719,67.79676819
Ge3La1Os1,52.24480057,64.48245239
Dy1Ni1Sb1,56.4693985,43.55588913
B1Rh1,99.47149658,80.05155945
Ir1La1Si3,67.30259705,62.3786087
B1Rh3Zr1,96.33149719,105.3592606
B3Ni1W3,193.1849976,186.6756287
Se1Ti1,26.46389961,34.573349
Os1Zr1,108.723999,61.02116013
Cl6Sn1Tl2,5.318270206,10.28536224
C1Ho3Tl1,12.49359989,26.18080521
Bi1Li1Sr1,23.08650017,18.737854
Ca1Cd1Sn1,23.64870071,23.39518738
Cu1Ho1Si1,64.36450195,53.28147125
Ca3O1Pb1,43.59360123,37.17525482
B1Pb1Sc3,64.36560059,55.49613571
Ga1Mn1Ni2,72.30439758,33.97457123
Ir1Th1,28.49329948,40.23186874
Cu2Ho2In1,29.0447998,36.0692215
N2S1Th2,54.34159851,58.85625076
Pt1Sn1U1,42.58720016,27.59619141
Ho1Tl1,15.61859989,21.37501335
As2Ca1Fe2,65.84420013,54.36417007
Pb1Sr1Zn1,24.97870064,24.48206711
As2Ca1Pd2,27.06430054,34.5366745
P7Pd9Zr5,53.52500153,63.68968964
Ge6Ho2Ni1,57.7981987,57.38327026
K3S3Sb1,7.688260078,8.059238434
B4Ti3,205.220993,193.460968
Bi1O2Y2,33.20690155,32.51299286
Dy2O7V2,96.21099854,53.89073944
La1Pd1,20.91930008,26.15860748
Cd1Cu1Sb1,4.65335989,26.83279037
Cu1Er1Pb1,40.15520096,39.28847885
Dy1Mg2,17.30809975,15.19433975
N1Re2Zr4,73.18049622,95.88632202
Bi1Ho1Ni1,49.91080093,46.85184097
Rh1Sb2,55.73939896,48.58361435
V2Zr1,5.545229912,51.46111679
Ir1Sb1Se1,79.6760025,71.49526978
Cu1Ge1Zr1,69.31620026,69.42689514
C1Ho1Rh3,78.90419769,69.11198425
La3Tl1,10.01599979,14.55338669
Cu2Zn1Zr1,40.00279999,41.5972023
B1Fe1W1,141.6849976,151.811676
Au1Y2,19.85289955,23.63871574
Al1Li2Pt1,36.90639877,34.19265747
Bi1N2Th2,28.18260002,52.61026764
B6Ho1,63.10520172,131.1200562
Dy4Ge6Rh7,74.46150208,65.24619293
Pb1Pd2Tb2,27.3383007,32.53565979
Pd1Sr1Tl2,14.05790043,15.32644653
Mo1Zn7,48.4029007,44.65454865
C1Hf2S1,126.276001,67.98574066
Au1Hf2,55.66109848,46.6190834
Ag1Cd1,13.1850996,10.49801636
Br1Na1,10.42759991,11.0113945
Cu1Hf2,57.91749954,68.0585556
Cu3N1,37.43130112,63.67784119
N2Ni1O6,14.21090031,93.31034851
F3K1Pd1,23.93510056,13.67871475
Ga1Ge1Li1,35.18590164,48.7862587
Al16Ru7Sc6,67.00489807,63.80493927
O1Pd2Zr4,24.67869949,66.00047302
Br1La5Sn3,28.61660004,30.18417931
Ir3Nb1,205.4290009,170.5041199
B2Mg1,116.4260025,108.203186
Ho1Mn6Sn6,55.5766983,32.55890274
Bi1Co1O3,24.31130028,59.90102768
Fe2Hf1,55.50299835,43.47886658
O4V1Y1,49.57559967,96.72650909
Cu4In1Yb1,40.23270035,34.94606781
Ba1Nb4O6,111.4800034,89.7250824
Ho1Ir1,49.99219894,55.84328079
As2La1Ni2,59.77090073,51.52664185
Ir3Zr1,158.8399963,143.2601013
C1Cr3Nb3,119.788002,110.2993011
Os3Th7,28.5659008,39.6792984
Al1C1La3,33.18700027,43.0905304
S3Tb2,41.91260147,36.68198395
B1C1Mo2,180.7180023,141.4726715
Sn3Tb5,42.8431015,30.54659081
Mg3N2,77.58979797,60.32692719
Ca1Sn1Sr1,19.41279984,20.71889114
Au1Er1In1,39.37220001,34.15825272
Ge1Mn1Rh2,49.33890152,71.54053497
Bi1Cr1O3,78.47260284,62.49814224
F2Pb1,22.98069954,23.8773632
La2Pb1Pd2,24.73180008,29.24734879
Dy1N1,122.7389984,75.95213318
Rh2S3,77.55840302,62.72595978
B1Sb1,83.70269775,57.93193436
F1Na1,28.92099953,19.38521576
Co1O3Se1,46.6896019,50.22968674
Au1La2,12.92259979,13.27445602
Ga3Ru1Tb1,60.02809906,58.30476761
Li1P1Sr1,37.24869919,30.57519531
Ag1C2Li1,17.05450058,17.93724442
Ge2Os2Th1,85.6128006,83.91752625
Co2Hf1Sn1,63.54999924,45.6472435
Nb1P1Ru1,118.3320007,114.9937744
Au2In1Tb1,24.07419968,30.51521301
B1Mo2,142.8110046,161.32901
Al1Ti3,64.37180328,47.42734528
Cl6K2Re1,6.317920208,10.33051682
Nb3Tl1,34.05049896,83.51035309
Be13Mg1,99.20549774,89.87116241
Na1O6Os2,71.02999878,80.0311203
La4Rh3,20.05130005,18.25818253
O7P2Si1,81.92230225,52.66262817
Tl1Y1,16.3246994,27.44413567
N2Te1Th2,29.19440079,46.56002045
Ba1O3Zr1,91.02519989,64.31690216
Be1Te1,39.39720154,43.14338684
Ba1Hg1S2,16.66480064,16.90710068
Fe1Hf1Si1,73.22979736,91.40358734
Ba1Pt1Sn3,23.28660011,28.80472755
Hf3Ni2Si3,96.25969696,96.08813477
Ru1Sc1Si1,101.9089966,78.23722839
Cd1Ge2Tb2,48.32529831,40.82310104
La7Pt3,16.49710083,12.22231674
Ru1V1,92.87879944,118.5774841
Al1La3N1,42.58200073,28.37940979
Bi1Dy2O2,34.67250061,47.38708115
Mo1Rh1,97.98600006,91.81642914
Ni1Sb1Se1,45.14199829,46.5741806
Dy2Mg1Si2,60.64569855,54.95517731
Si2Ti1,100.8949966,65.46170044
Au1Sc1Sn1,34.18629837,35.52650452
Se3Sr1Zr1,24.13730049,16.91027451
Ga1Ir1Li2,39.41400146,29.72339439
Cu2Li1P2,35.15650177,45.83447266
Ca1P2Pd2,47.10409927,45.48788834
Hg3Zr1,15.66950035,28.69817162
Cd3In1,8.171730042,17.61711121
Mg1Se4Y2,19.17410088,21.65503883
Al1Ge1Sc1,50.8302002,70.39085388
Pt8V1,63.54589844,79.61837769
B2Os1Tb1,127.4950027,114.0565338
Co1Nb1,82.49770355,68.7928772
Ni3Sb4Zr3,65.98169708,52.11470795
Mo3Ti1,83.61830139,72.43343353
Cl1Li1,18.53249931,18.91220474
Be2V1,132.5910034,153.9371033
La1O3Y1,60.71350098,77.6348877
Al1Pd1,61.51229858,33.01334381
Ba1Ca1Pb1,16.23600006,20.64055634
Ho1Pd1,28.97019958,29.61603355
Cd1Dy1Ni4,49.12310028,49.54676437
Nb6Ni16Si7,101.9400024,96.42115784
Pt1Ti1,20.20940018,71.36687469
Er1Ge1Ir1,43.31090164,68.5656662
Be1Cs1F3,25.21769905,6.20059967
O1Yb1,72.68569946,29.56746674
Mg1P1Pd5,51.41120148,39.43041992
B7Re1Y3,142.3370056,167.1824341
Ho2In1Pd2,34.02280045,26.72457504
Hf1Nb1P1,100.7070007,115.5033417
Er2In1Pd2,36.76639938,28.27525139
Mo1P1Zr1,111.7170029,104.6997833
B6Er1,59.8431015,195.4984131
B12Ni1,140.1569977,177.9825134
Ho1Rh2Si2,91.33509827,82.69174194
Sn3Tb1,13.93669987,26.69734001
Er5S7,40.33050156,42.06476593
Cr1O4P1,79.33789825,61.41262817
Hf4Ni1P1,46.83179855,74.99507141
In4K1,13.76449966,18.5680542
Pd1Sc1Si1,51.0080986,62.32243347
Cu1Rh2Sn1,58.76449966,53.78255463
O6Sb4,10.48209953,54.45724869
Ag1Au1Zn2,25.99440002,27.02814484
Rh4Si5,91.65799713,74.27941895
Pt7Sb1,32.65330124,31.28240967
Dy1Ge1Ni1,56.09749985,49.41239166
Al6Tc1,71.13379669,69.83393097
C1Ti1,177.7619934,159.2307739
Pt3Ti1,107.3410034,66.37088776
Bi1Pt1Se1,30.67919922,31.8553791
B9Li1,182.5440063,196.0771179
Dy1Ge2Ni2,46.94779968,51.85811615
Rh2Sb1,51.31269836,62.97666931
C1Rh3Sc1,87.5243988,94.5255127
Nb1Rh3,142.0119934,101.425705
Nb1O1,149.651001,111.166893
Ge1In1Li1,35.5766983,28.10096931
Ge2Rh2Sr1,56.32009888,36.08334351
Bi1F4Rb1,17.39439964,23.33670807
Cd1In2O4,47.01390076,46.99567795
B3Os2,205.5010071,212.9261169
Dy2Hf2O7,97.2410965,100.9982758
Tb1Te2,27.01709938,16.147686
Mg1O3Se1,51.90470123,29.36849594
N1Zn3Zr3,72.44400024,67.99976349
Er3Ge13Rh4,60.57630157,69.15805054
C3Nb8Zn4,83.25910187,90.59362793
Nb1P1Zr1,100.2679977,108.7598572
Mo8P5,112.1880035,112.7398071
H1Na1,19.96299934,19.78462982
C2W1Y1,116.2180023,101.3151474
Au1Ho1Ni4,66.15869904,64.07655334
In1Y1,22.51720047,24.46614265
Er1Pt2,69.57679749,61.23662567
O4S1Sr1,14.11909962,14.81075668
Ir1La4Mg1,20.17469978,17.76817322
Cu1O2Y1,35.82109833,42.52774048
Ag1Th2,18.34889984,19.73947906
C1Ni1,69.51029968,106.6813583
Ag1As1Sr1,30.40509987,22.10725212
O2Rh1,106.7320023,56.13383102
As1Cu3,37.43889999,30.33425522
Rb1Te2Y1,15.95330048,15.56354904
In1Li1Se2,14.76140022,16.62259674
Hf1Pd5,62.36410141,58.55805588
Ni2Si1Ta3,50.20729828,107.0056
K1P1Zn1,26.63360023,25.76022339
Dy1Tl3,11.35560036,14.42668915
Pt8Sc4Si4,69.14279938,68.14157104
Ba1C4O4,19.86380005,21.27129936
Ge3La4,29.24349976,35.13711548
Cu2Dy1In1,38.25490189,38.15919876
Au2Br6Cs2,5.600049973,7.947345734
Co1Ni1,66.2888031,61.378582
Ni1Ta1Te5,13.04430008,20.68312073
Al1As1,38.9598999,63.04153061
As1Na1Sr1,26.18779945,20.3687973
B2C2Sc1,145.6889954,134.164093
Mo1Ni1P1,88.30639648,111.7268066
As1Fe1Li1,47.85609818,51.00032806
Co1In2Se4,20.5788002,19.25268936
Ga1Li2Pd1,24.08650017,20.8956337
Dy1Se1,27.96459961,39.68443298
Dy1Te2,21.8864994,19.23105621
Ga1Ni2Ta1,52.56280136,60.95701981
As1Tb1,49.91820145,45.93761826
Hg1Y1,22.77350044,25.7669735
Ga1Li2Pt1,30.19210052,28.2775116
Dy1P1Pt1,46.58470154,65.83473206
Ir1P1Se1,110.4079971,100.4933853
Au1Pd3,48.4435997,33.49520111
B1Pd2,48.43059921,45.79891205
B12H12Tl2,4.314109802,13.05757523
S1Zr1,52.28409958,63.08476257
Cd1Sb1Tl1,13.05990028,18.22863007
Hf1Re1Si1,136.0039978,111.6770096
Cl6Pt1Rb2,6.504980087,6.567409515
Mo1Si1Zr1,100.072998,97.1091156
Li1Pd2Sn1,23.87859917,19.75227737
Ni1Tb1,27.34860039,35.91113281
Nb1S4Tl3,6.741189957,28.19943619
Dy1In1Ir1,35.01139832,30.87134171
Al1C3V4,152.7480011,138.5427246
Co4Dy3Ge13,66.34819794,50.33371353
Cl6Cs2Pb1,3.353899956,7.302108765
Cu2In1Lu1,35.67639923,40.32545853
Ga12Pd1Y4,54.37490082,59.07313156
Au1Ge1Sc1,41.56689835,48.03246689
Ga5Pd1,31.30400085,58.50815964
La2O7Sn2,74.56310272,99.58535767
Cs1F2H1,8.214019775,26.08860779
Ba1O6Te2,33.854599,58.5517807
Au4In2K1,17.76059914,19.21360016
Al2Te4Zn1,19.18919945,17.27425385
Ba1Ca1Sn1,17.61739922,24.76824379
C1Ti2,68.7118988,129.8745575
Ga1Mn1,31.43300056,51.59221649
Bi1O2,45.35710144,31.57365227
As1Sc1,51.84820175,53.37852097
H1Ni1,72.17520142,61.66814423
P2Pd2Sr1,49.58720016,34.49928284
Ga1Li1Si1,47.37609863,65.58831787
B4Nb3,200.9730072,202.5155334
Ge1Mn1Nb1,97.73639679,88.08174133
As1Co1Nb1,84.667099,80.68466187
Sb2Th1,28.85309982,50.57285309
Al16Rh7Sc6,65.8812027,67.07252502
Ge1Zr1,71.04070282,74.12174988
Ga2Hf6Ni1,64.45909882,61.91995239
Er2Ge2Mg1,58.46900177,50.84538269
Au4Zr1,39.85810089,36.36032867
Hg2K1,4.659599781,10.37732315
C1Ge3Mo5,92.37529755,81.98535919
Ni2Sn1Yb1,26.59790039,32.22925949
Ge1Pt1Ti1,54.43259811,58.1050148
C1Mo4Ni2,120.6780014,110.9715118
Cr2Mg1O4,75.63670349,72.96237183
Ni1Zr1,27.60840034,50.36027527
As1Cr1,44.72819901,51.68475342
In1Pt1Sc1,38.57730103,34.63549423
Pd4Se1,37.2961998,32.18427277
B4Dy1Rh4,91.89430237,84.94090271
Al3B2Ru4,110.7689972,87.27290344
La1Ru4Sb12,48.25839996,64.88672638
B2Y1,151.2230072,161.074707
Er1Pd1,30.41020012,30.1110878
Ga2Ho1Pd1,46.73270035,48.13077164
Ba5Sn3,13.68659973,11.71855927
Sc1Tc2,30.03199959,66.75830841
Li1Si2Y2,44.94540024,44.65250015
Pu1Se1,33.63800049,10.82069016
Cd3Er1,28.27840042,33.02745819
Ge1Rh1Y1,53.26789856,56.60403442
Fe2Ge1Ti1,137.1640015,110.8709869
Al16Hf6Pd7,77.59279633,54.66099167
In3Th1,24.43400002,35.33729553
O1Pt1,47.19440079,80.83869171
Ge1Pd1Sc1,51.68379974,58.0261879
Mg1O6Sb2,98.17379761,91.5875473
P2W1,132.1519928,118.5307617
O3Sc2,78.40619659,78.10779572
Ti1Zn2,64.8062973,40.85004425
Hf2P1Sb1,69.33830261,68.04486847
Te1V1,33.06079865,20.2779007
Ca1Pt5,68.69000244,56.59473419
Au9In4,24.12229919,22.09933662
As1Hf1,61.45130157,68.98588562
H5K3Zn1,12.7730999,14.34381866
Au1H3Ti3,68.21389771,64.81035614
K2O3Pb2,13.07470036,33.21743011
Ca1Si1,39.09120178,29.46850967
Co1O6Sb2,90.4878006,87.41062927
La1Ru1Sn3,31.6779995,40.6240921
Cu3Te4V1,15.83329964,14.51289368
Ho1Rh2,61.85469818,58.14851761
In3Ni2,47.91469955,36.12404633
B2Si1V5,165.7460022,108.7164764
Ir1S2,89.60169983,59.47413635
In1Mg1Y1,39.30310059,27.89013863
Cd1Hf2,36.22109985,50.44662094
As7Re3,79.09750366,83.75239563
Mo1P1Rh1,102.4020004,120.884758
Ag2Ho1In1,19.04590034,18.57107544
B4Re1U1,200.7039948,171.8592834
P1Sb1Ti2,64.26709747,61.52583313
C1Hf2In1,95.25669861,33.41936493
Cd3Nb1,47.81079865,38.45066452
Ge1Pt2,34.6853981,62.01626205
As4Sn3,19.7682991,33.16196823
Ca3Ir4Sn13,25.02029991,31.31024361
Bi1Rb3Se3,6.011020184,5.220535278
As2Ni1Tb2,50.30189896,49.36286545
S2Th1,29.29360008,41.7279129
Ir2La5,11.7322998,18.09874344
Al3B6Ni20,81.1812973,60.44722748
Cd1Se4Y2,18.14220047,20.96899796
Ca7Ge1,7.871379852,19.50696945
O2Ta1,114.7480011,161.5838013
Mg2O4Sn1,62.3512001,101.9135513
Ir1Sc1,80.01809692,58.43355942
B1Os1,219.1799927,190.328949
Cs3Ni1O2,9.547780037,3.69424057
As2Ir2La1,64.29119873,77.70614624
La1Ni1,16.90270042,23.1734314
Ca1N1Ni1,52.2159996,41.87805557
