formula,target
Dy1Rh2,155.506
Ba1Pt1,50.2714
B2Ru3Tb1,215.717
Au2In1U1,79.7778
Ca3Co4Sn13,66.55
Al1Pt1,187.544
Mo3N1Pt2,288.83299999999997
Al1Li1Si1,62.9167
Ag1S3Ta1,78.0079
Al16Pt7Zr6,145.2
Dy1Li1O2,122.211
Al1Au1Er1,93.2267
Ca1Si2,61.4176
F4Pd1Sr1,63.4892
C1Pb1Ti2,114.13799999999999
La3O7Ta1,138.221
B4Rh4Tb1,226.06900000000002
C1Ga1Ta2,190.394
Ga1Ho1O3,180.294
Al3C3Sc1,165.018
Er4Ge6Rh7,139.65
Ru3Zr1,200.044
Dy2Se3,67.3716
Ir2Lu1,220.422
Be2C1,207.489
Al2Ho3,60.4354
P1Ru1Zr1,207.208
As12Os4Th1,135.614
Eu1O3Ti1,183.13299999999998
Al2Y1,80.2778
Er3P6Pd20,151.7
I1Rb1,11.2778
C1Zr1,145.533
K1Na1S1,25.1325
Yb3Zn11,50.0556
B4Fe1,227.572
Cl5Cs1Pb2,13.7185
Ba1Pt2,104.2
Ca1F6Sn1,53.7611
P1Pt5Tl1,191.188
Ca1In2,39.6083
Cu1Ti3,96.4902
C1Nb1,205.122
B1Li2Pd3,116.77799999999999
Ba1F4Pd1,52.977
Br1Cu1,23.5711
Ga3Hf3Nb2,138.69299999999998
Al3La1Pd2,103.461
Ag1In2Na3,19.9944
S1Zn1,70.7431
Ni1Zn1,143.239
As1Ti3,107.35600000000001
O3Tb2,138.939
Al3Zr4,107.561
O1Sr1,84.7444
B4H16Hf1,3.93333
K1Sb1Zn1,25.0561
Be13U1,123.556
Ca1Ir2,161.27200000000005
Pt1Se1Si1,129.595
B2C2Er1,183.274
Mg1Sc1,49.8
Mn2Si2Y1,83.9097
Sn2Tb1,58.1059
In1Ni2Ti1,125.544
Na1Nb1S2,77.2343
O7P2Ti1,126.08200000000001
Ag1Er1Se2,51.7113
Ru2Si2Th1,161.90200000000004
Ge1Ir1Y1,137.808
Al1Cu2Zr1,127.47200000000001
Ge3La1Rh1,97.42
Ag1Al1O2,99.9056
Mn1Pd2Sn1,115.97200000000001
Pt9Sc5Si7,160.056
Au1Ti1,134.188
Ge1O6Se2,51.6339
Ge1Ru1Tb1,112.15799999999999
F1Ho1S1,110.26700000000001
B1N1,102.88
Ho1Te2,58.9661
In1Pt2Tb1,122.889
Rh5Tb1,179.787
Mn1Pd1Te1,81.7111
Ca1Ge1Zn1,49.3794
Ba1Ce1N2,109.226
Ga1In1Te2,21.603
As1Pu1,87.2611
C1,434.908
B2Mo2Ru1,297.819
Al2Fe3Si4,166.49400000000003
Ba1Te2,28.7313
Dy3Ge4,79.4727
Ni1Sc6Te2,71.8098
Ru2Sc1,161.688
Ge2Th3,87.9744
Ba1Ce1O3,114.06299999999999
In1Rb1Te2,14.6646
Ce1Ir2,203.767
Au1Dy1In1,82.6016
As1Nb1,159.804
Ge1Nb1Rh1,204.238
B2Nb1Ni1,268.568
P1V1,185.78900000000002
Ho1Rh1Sn1,109.73200000000001
C1Nb4Rh2,225.50599999999997
Dy1Ni2Si2,134.585
Cu2Ho1In1,83.0333
Bi1Dy1,55.6333
F3Na1V1,67.8389
Cl1Na1O3,23.7184
Cs3O3Sb1,17.063
Ho1Ni2Si2,138.81
Al6Mn1,101.12100000000001
Pt2Si1,229.83900000000003
As2Ba1Cu2,59.6226
Ca1Mg1Si1,51.6156
In1Na5O4,50.8063
Dy1Ga3Ru1,112.789
S4Tl3V1,22.1611
Ge1Os1Sc1,163.539
Sn1,33.9944
O1Pd2,124.52799999999999
Bi1Nb3,155.583
In1Ni1,120.361
Bi1Pd1Se1,80.0401
Dy1In1Rh1,98.7365
Pd1Si1Sr1,70.7053
C2La1,91.149
Ag1Zr1,98.8516
Au1Ge4Rb3,17.7023
H2Y1,82.8111
Cu2O3Sr1,96.4704
As1Mg1Na1,34.5954
La1Pt3,141.972
K1Nb1S2,70.801
Mg1Si1Sr1,43.3882
Dy1Rh1,114.67200000000001
Pt1Sb2Zr6,120.78299999999999
Hf1Re2,262.681
As1F6Na1,21.9278
Al3Ir1,150.901
Pd1Sr1,41.1388
La1N1,74.3818
Ir1Mn3Si1,122.79899999999999
Ir2Th1,200.13299999999998
Pd1Th1,107.85
O2Re1,280.42400000000004
B7Mo3Y1,252.672
Ag2Ca1Ge2,57.0356
In2Rh1Yb1,62.3186
Ag1Al1S2,71.6539
Ge13Lu3Rh4,108.87200000000001
O7Ru2Y2,187.33900000000003
Nd1P1,87.4889
In1Li2Pt1,72.5278
Au1Cu3,121.62200000000001
Pt1Sn1Sr1,68.2498
Os2Tb1,209.65200000000002
Ba1O3Pr1,115.81700000000001
Er1Mg2,44.0289
H3Pd1Yb1,93.5444
Cu1Sn1Y1,75.902
O7V2Y2,190.011
C1Ge1Ni3,192.09400000000002
Al1O2Rb1,91.7111
Co1Si1V1,213.528
Ca3N2,67.3393
K2O1,27.45
B2Hf3Ir5,256.661
Hg1Li1,32.5667
Se1Tl1,22.369
Ho1In1Pd1,94.5868
Co1O6Pt3,194.114
Sn1Y1Zn1,63.7756
Ni2O4Si1,200.894
Fe2In1Ti1,158.561
Ho2O7Sn2,161.428
Br1Li3O1,48.9389
Cu1Na1Se1,40.7854
In1Pt2Sc1,141.839
In1Pd2Tb2,86.2503
Si1Sr1Zn1,49.2502
Nb3Si2,192.785
Ba1Cd2,26.2245
As2K2Ni1,23.4735
O2Si1,309.818
Pu1Ru1,173.653
K1,3.7333300000000014
Hf1N2,228.817
N1Tl1,89.3957
C2Os1,355.639
Fe1Hf4P1,121.766
Ag1Al1Se2,49.6298
Al1Mn1Ni2,110.45
Cr3N1Pt1,115.186
Ho1Os2,211.592
As2O6Sr1,109.965
Ba1Ga2,36.1038
Mg1Pt1Sb1,90.4611
Re2Sc1,222.312
Ge1O2,218.27900000000002
Au1Ga2,69.3167
P1U1,69.5833
Hf1Rh1Sn1,152.845
Er1Ir2,205.167
Cl6Te1Tl2,12.6167
K1Nb1O3,116.85700000000001
O4Pd3Sr1,146.906
As1Ga1,60.6984
Sb1,59.7056
Pt1Sb1Se1,99.1406
Ca1O2,67.4331
Fe1Sb1V1,155.444
Bi1,49.4889
Cu1Pt7,220.533
O2S1Sc2,133.953
C1N2,398.685
Dy3Pt1,56.8403
Os2Si2U1,172.71
Cs1H1,9.594439999999999
Bi1Cu1Mg1,58.2944
B6Y1,171.24400000000003
Er3Ge13Ir4,120.48299999999999
Ag1C1,114.98299999999999
Ni2Si2Th1,146.187
Li3N1,65.3453
Al2Ho1,80.4667
Er1Tl3,47.7111
Be1Hf1Si1,146.714
Pt3Zr1,223.6
S2Ta1,26.615
Cd1Dy2Se4,52.6833
Co1P1Ta4,215.68200000000002
Ce1Pd1Sb2,77.2101
Al3Ni2Th1,122.458
Dy3Os1,70.5379
C1Ge1,164.558
La1Rh1Si2,113.427
C1Er5Ge3,81.045
O7Pt2Sb2,221.178
C6Cr3W20,309.633
Ho1Os2Si2,170.908
Dy1In1Ni1,90.6672
C1Ni2Ta4,227.933
Sn1Te3Tl4,27.7128
Zn1Zr1,96.2444
Ir1O2,261.228
C1Mg1N2,235.14
Er1Ge1,82.5778
Hf1Pd1Sn1,122.71700000000001
Ga1Hf1Rh1,160.222
Ag2Ho1,68.243
C1Tl1Zr2,115.16799999999999
Al9Ba1Co2,84.9363
Ge1Mg1O3,161.80200000000005
Mo1N1,339.663
Sb3Y4,65.7944
Cl1Na3O1,34.6167
Cu6Ga5Mg2,85.7398
B2Nb3,233.291
Cl6K2Pt1,13.0944
Au1In1Li2,52.4556
Pt3Zn1,207.989
B1Nb1O4,253.768
Ca3Hg2,31.2401
Rh1Sc1,136.8
B2Mo1,300.23
Au1Sn1Y1,75.7279
F3Pb1Rb1,39.4611
F6Hf1V1,75.2056
Cd1Ni4Sc1,126.344
Er1Ga2Pd1,97.2234
Cd1Dy1Ga1,68.2018
Ru1Th1,121.588
B1W1,336.539
As1Na3S3,22.4879
Os1Si3Th1,137.91899999999998
As1La1,65.1667
Al1Dy1Ni1,94.1143
As2O3,5.13889
Re2Zr1,248.472
Ge1Rh1Sc1,136.859
C1Er3Ga1,46.4333
Bi1Mg1Ni1,65.6389
N1Ni2Ta4,230.322
In1Pd3,143.126
Ni1Pd1Te1,111.78399999999999
Er1Ga1,70.4689
Ba1Mo3Te3,47.4959
P1Sr1,44.8799
Ag1Ti2,105.475
Hf1Tc1,185.97799999999998
Au2Mn1,98.1142
Al2Hf6Pt1,124.639
Pd2Si2U1,128.145
Ga2La1,68.5644
O4S1Zn1,71.7056
Ge1Hf1V1,154.85
Bi1Th1,73.9167
F2Ti1,104.861
La1Se1,68.6222
Ca2Sn1,29.5831
Ge1Rh1Tb1,117.051
Ag1Er1Sn1,70.5476
As1Ca3Cl3,37.6278
P1,114.01100000000001
Li1Mg1P1,55.7611
N3Tl1,22.0143
Sc5Si3,86.9179
Sb1Sn1,49.0222
H2La1,64.05
Pb1Pd2Y2,83.1074
As1Ho1,78.0944
Ca1Cu1F4,76.1251
Cu2Te2Tl1,32.9523
Ir1Sb3,97.4936
Ba1Cu1Sb1,44.1425
Au1O1Rb3,15.1389
Al2Li1Rh1,120.35600000000001
N4W3,330.994
Cu1Mn3N1,66.7944
C1Ge1V2,176.812
S3Sc1Y1,73.0792
Hf2Hg1,113.932
Al1Ge1Li1,59.0611
Er1Pt3,178.778
P1Zr1,135.0
Ho3Sn7,58.8555
Ba1Pd1,33.4513
B6Hf2Ni21,219.95
Cd1Dy1,57.1
Bi1Rb3,9.55761
Ca1O3Ru1,168.287
Br1Tl1,14.9713
Cu3Nb1S4,35.8444
Mg1Te1,46.6749
N1Tb1,157.894
Pt1Zr2,129.511
Ga1Mg1Y1,60.3629
Al2B1Re3,247.03900000000002
Al7Th2,85.2668
H2V1,174.933
P1Sc3,71.6584
Al1Sn3Zr5,104.958
B4Th1W1,223.171
N2O1,4.46111
K1O3Sb1,114.311
Bi1Li1,37.2932
Hf1Ir1Si1,213.139
Au1S2V1,97.9019
P1Tb1,85.5278
Ag9In4,67.5611
La1Mg1,35.3556
Pt1Sn1Tb1,105.542
P1Ti1,136.112
Al1Er1Ni1,101.50200000000001
Ir1V1,227.365
Co1La1Si3,115.765
Au1Mn1Sb1,73.25
N1Nb1,311.778
Er1Rh2Si2,160.6
Ge1Rh1Zr1,162.64700000000005
Ge1O8Zr3,197.862
Ce1Ge1Ir1,135.35
C1Co2Mo4,203.15
Au1Ni4Tb1,134.183
Hg3Yb1,33.6729
Co2O7Sb2,153.906
In1Pt4Tb1,164.128
Al2N1Nb3,195.856
B4Rh4Th1,230.19400000000002
Ho1Pd3,131.517
S2Sc1Tl1,49.754
Pd1Sb2U1,85.4488
C1Sn1,114.161
Li1N1Zn1,116.12200000000001
Mg1O1,152.389
Co4Ge13Yb3,89.9889
C1Hf1,158.306
As1Ru1Zr1,187.418
Ca1Pb1Zn1,34.3871
Tc1V1,248.53900000000002
Al1Cu2Ti1,125.18299999999999
H3Mg1Ni1,112.789
P1W3,277.308
Er1Rh1,120.072
Cu2In1Mn1,88.3833
Al1Ca1Si1,55.4562
Ag1Dy1Mg1,56.2255
C1W1,257.79400000000004
Ge2La1Pd1,83.3136
Ru1Ti1,210.84400000000002
Nb2O6Zn1,146.44799999999995
Cd3P2,54.8833
Ga3Hf5,121.50399999999999
K1Na2Sb1,19.95
La1Tl1Zn1,53.0161
Co2Sn1Zr1,103.911
Mo1Pt3,238.36700000000002
As1Ca3N1,60.0576
Os1Ti1,246.422
Fe1Nb4P1,188.63299999999998
Ca1F2,66.1663
Mg1Pd3,153.661
Hf2Rh1,142.3
Ca1Si2Zn2,68.3956
Re2Tb1,201.25099999999998
Fe1Ga2Hf6,118.117
In2Mg1S4,64.7111
La1Rh1Si1,95.4146
In24S32,53.0778
N1Os1,345.912
Rh2Si2Y1,157.40200000000004
Nb3Te4,59.9152
Na2Ni1O2,74.9786
As1Cd1K1,28.1584
Ir1Nb1Si1,246.801
Ca1Si3,60.2061
Ho1Ru2Si2,154.909
Ca1O3Si1,215.028
Ge1Pd2Y1,114.117
C7V8,242.717
Er1Ir1,143.11700000000005
Ca2I1N1,50.2507
Ba4Bi3,25.0778
B4Ir3Zr1,264.416
Co2Mn1Sn1,76.2889
Ir1P3,167.793
Li1Ru1Sn4,65.9758
Be13Sc1,111.73899999999999
Si2W1,214.412
O4Si1Zn2,135.983
Be2Re1,239.60299999999998
Ce1O2,189.144
In1S3Sb1,22.7597
Ag1Ca1P1,63.7787
Ir3W1,356.05
P2Si1,110.15899999999999
F6Sn2,49.8444
Co1Dy1Ge1,83.7485
I6Rb2Te1,8.01628
Be1Ta2,186.979
Al4In3Sr11,24.5541
H2Mg1,55.5206
Pb2Pt1,78.0668
Cu1Sb2Ti5,117.01
N2Os1,344.56300000000016
La1Mg1Tl1,48.2148
Ir2Si1,281.675
Nb3Si1,164.017
B1In1Sc3,75.9056
Al4Ni3,145.472
Au1Ho1Pb1,71.8444
Ru1Sb1Ti1,142.733
C2Na2,30.6999
Au1La1,82.8983
Ge2La1Ru2,116.95
Pd3Tb1,127.01700000000001
Ho1Pt1Sb1,102.39399999999999
Er1Pd2Si2,134.759
Mg1Ni2Sn1,115.03299999999999
Al2Th3,72.8746
Ge1Ni2Zn3,118.572
K3Sb1Te3,10.2813
Pt3Sn1,194.044
Au1O2Y1,110.221
Al1Bi1O3,189.28900000000002
Sb1Y1Zr1,79.9434
Rh1Sn2,96.538
Pt3Tb1,172.489
Au1Ba1,30.7342
As1Ba1Pt1,70.4766
Ca1Pb1,33.7766
B12Hf1,237.2
Ni1S1Sb1,94.7908
Au1Zr2,118.215
Li1Nb1O2,156.68
Ga2Hg1Te4,25.1303
Ag1Dy1Te2,40.7522
Nb1Pt1Si1,218.898
Al2Zr1,113.01299999999999
Ho1Pt1Sn1,109.005
Ir3Mo1,340.58099999999996
As1Ti1,109.431
Dy4Sb3,67.4778
S4Zr3,96.5056
As3Co1,108.06700000000001
Er1Pd1Sn1,88.7951
O1Ti3,137.415
Ge3Ta5,193.454
B8Nb7Ru6,273.634
Sb1Th1,81.0333
Au1Rb1,13.2556
S4Y2Zn1,65.3833
Ga3Hf1,108.209
Cd1La1,45.4611
Dy2O7Ru2,189.467
Os4Sb12Sr1,98.78
B12Yb1,199.31099999999998
Ba2O4Zr1,107.133
La1Tl1,48.8333
Fe4O11Sr4,130.731
Gd2O7Zr2,176.817
Er1Ga1Ir1,128.023
Cd1Ho2S4,63.5
In1La1Rh1,85.9069
N2Sr1Ti1,120.34899999999999
Al3C3Ho1,159.593
Ge3Pu1,117.75
N3Rb1,17.2097
Au1F4K1,21.8831
Er1Os2,217.08700000000002
B4Cr1,270.686
Cu1Mg1Sb1,64.5333
C1Ga1Sc2,84.9052
Fe2Re3,325.661
Al2Hg1S4,37.9815
Tc1Ti1,195.317
As1B2P1,146.702
F3Mg1Na1,71.5333
Bi1Ca2,27.6617
Ge1,71.6949
Er1Ga1Pd1,94.4612
Co1Mo1P1,195.94799999999998
Al2Sc1,86.8
Li1Pd2Tl1,92.5614
In1N1,120.417
Al2Hg1Te4,25.3311
Ag2Ge1Li1,56.8056
Ge1Mn3,60.7944
Fe1V3,213.00599999999997
Gd1Hg1,57.0333
Al8Fe4Y1,90.711
O3Sn1Ti1,176.13299999999995
Ge2Pt2Th1,136.525
Cs1N2Nb1,95.4056
La3Pb13Rh4,65.7167
As1Li1Mg1,48.8778
Ca5In2Sb6,35.7596
Ir3Ta1,324.806
Ag1Te2Y1,38.1973
N2Re1,267.277
Co1Er1Si2,128.70600000000002
F1S1Y1,83.1611
Pd3Y1,122.92200000000001
Ge2Th1,85.6132
O2Tb2Te1,80.5768
Al1La1O3,192.322
Rh2Sr1,86.8556
Al1Er1Zn1,71.9397
Ba1Cd1,20.9778
C1Dy3In1,78.1667
Ga2Zr3,112.905
As2Zr3,126.639
As1Dy1O4,125.65
Cu1Ga1Pt2,186.011
Ho1Mg2,42.6587
Ba1,8.37778
O2Ti1,104.429
Hf1La3Sb5,60.6649
O3Sn1Sr1,130.643
S1Sn1,52.9278
As3Ir1,129.44899999999998
Al1Ge1Sr1,46.2798
Al1C1Er3,84.1944
Ag1La1Mg1,45.2001
Ni2Sn1Zr1,154.38299999999995
Cu1Se2,62.1951
Pa1Sb2,84.9407
Al2Y3,58.1696
C2Co1Th1,182.793
C1Er1Rh3,202.65
Ga1P1,79.0344
O1Pd1,155.28
Hf5Sn3,113.59299999999999
B1Sc3Sn1,78.7556
Dy1Ir2Si2,179.847
Rb1Sb1,11.5673
Cu4In1Tb1,97.7944
Ga3Pt2,134.715
Ba3O1Pb1,34.4222
N1Th1,169.33900000000003
Br4K2Pt1,11.0131
Ba1Cu2Se2,54.8376
Ni1Si1,177.641
Cu1La1Si1,79.4908
Nb2O7Sn2,142.967
Be3N2,214.13
Gd1O1,104.189
Cu1Li2Sb1,49.7556
Bi1Li3,28.2111
Cd13K1,42.3389
H1In1O2,153.254
Ag1Er1Si1,88.4091
Ni2P2Tb1,150.245
Cd1Er2Ge2,78.0052
Cl3Cs1Pb1,21.8944
Er1Tl1Zn1,63.6009
In1Y2,54.1914
B6Os1Y2,208.297
Cu4Ni1Yb1,100.506
C1Li2O3,75.0705
Al2La1,67.3667
Pb3Tb1,50.2278
Er1Te2,60.0458
N1Ru2Zr4,175.56099999999995
Cr1O2,200.968
Au1Sn1,68.8832
B1Ti1,201.148
F3Rb1V1,65.4611
Cd1O3V1,176.585
Eu1Se1,45.0861
Al2Zr3,104.28
Cd1Cu4Yb1,78.4778
Ni2Sc3Si3,119.838
Cd1Na2Pb1,24.5056
C1Mn3Zn1,66.1556
Er1In1Zn1,65.8719
Cd3Zr1,79.4459
Ba1Sn1Zn1,34.0204
Ag3P1S4,41.8712
Ru1S2,155.036
Au1Ga1Zr1,121.146
Mg1S1,56.1833
Pb0.33S2Ta1,65.5485
Hf2Pd1,135.144
Cl6Cs2Se1,8.43333
Ca5H1Sn3,36.5432
Al1Au1O2,164.69299999999996
Dy1O4V1,127.149
Ge1Mn2O4,159.78799999999995
B2Ir1V2,284.058
Mn1N3Sr3,58.2425
Ba1Cl2,29.2
Pt1S1,125.991
Ag1As1Ca1,57.4669
Au7I1P10,72.9895
C1Sc1,146.644
Rh3Zr1,214.083
La1Mg1Pd1,60.2958
Ca1Ge1N2,113.986
Ru1Sb1V1,158.567
O2Rb2,25.1382
Ga1Hf1Pt1,162.539
Ge1I3Rb1,18.6
Os1Se2,153.547
Dy1Pd1Tl1,78.9629
Ga2Os1,185.59900000000002
Au1Cd1,88.95
Ho1Ir2,203.00599999999997
Ca3Ga5,47.9536
O7P2Th1,101.35700000000001
Ag1Cl1,39.5739
Cl4Th1,29.9145
Cu3S4V1,38.8083
B2C2La1,162.736
In2S4Zn1,68.9333
Al1Ta2,158.493
Ho3In1N1,90.3278
B2Pd5,174.06
Tc2Zr1,214.269
C1Ga1Y3,79.1667
Hg2Th1,79.4472
Ca1In2P2,53.8804
Au1In1Tb1,80.3256
B1La1Pt2,126.411
Te1Yb1,33.3056
As1V3,185.322
B2Ta3,251.52
Pt3Sc2Si2,162.09799999999996
Au2Er1In1,92.6944
Se3Sn1Tl4,31.5928
Mo1Zn6,93.7346
C2Cr1Sc1,148.688
La1Rh1,82.1397
Ge1La3,41.2045
C1Pb1Sc3,91.7167
Bi2Pd3S2,62.6487
Dy1Pd1Sb1,90.0052
As1C1V3,186.22299999999998
B7Mn1Y3,164.808
Cl6K2Tc1,12.1667
Au2Nb1,167.535
Bi1O4V1,110.523
F3Mg1Rb1,64.7722
Dy1Ga1Pt1,115.57600000000001
Bi2Th1,65.57600000000001
Al3Er1Ni2,116.167
Cu1Zr1,138.203
Au1Ga1O2,149.547
Dy1Pt2Si2,145.601
Eu1S1,48.3889
Cd1Sb2Sn1,36.1966
Li1Mg8Si4,52.5444
Er1Sn3,56.1056
Cu1Ga1Te2,46.4076
Cd1Yb1,31.2667
Mg3P2,57.4444
Be1O1,205.99099999999999
O1Pb1Yb3,50.7111
Ag1K1O1,28.0623
Cu1Ho1Sn1,73.9639
Hf1Os1Si1,224.329
Al1Mn1Pd2,131.078
Be1S1,107.2
Ge1Mn1Yb1,50.7601
Bi2O7Ru2,171.55599999999995
H3Li1Sr1,21.8333
N1Y1,112.289
N1Sn3Zr5,115.344
P1Y1,85.2611
Cl2F12Pb7,40.159
F2Zn1,102.32799999999999
Nb5P1Si3,178.50099999999995
Ni1Sc1Si3,123.84299999999999
Dy1Ge1Li1,63.7099
N1Re1,379.32
La1Zn5,65.3386
Hf3Si2,143.632
Al1Y1,59.9133
Ni1P1Rh1,225.358
As1Rh1Ti1,176.612
C2Re1,354.598
Cr1Si2,187.983
P2Ru2Y1,162.028
Ni1Sb1Yb1,61.525
In2Li1Pd1,66.25
Ce1Zn1,65.5833
Au2Th1,104.339
B2Re1,331.769
Ag8Ca19N7,41.0222
Ca1Tl1,31.4889
C1Si1,213.095
Br1O1Rb3,16.4389
Ag1Be2,114.53299999999999
Al1N1,192.417
Al1Tb3,49.8167
Y1Zn1,58.2056
B6Ni20Sc3,189.13299999999998
Si3Tc5,247.13299999999998
Ca1In1,33.5778
Ga1Mo3,222.43900000000002
Cr2Mn1O4,166.1
In1P1,76.0
Ba1O3Pa1,112.428
Hg1Tb1,66.2
Pd1Sb1Te1,79.2183
Mg1Pd1,93.8278
As2Ge1Mg1,52.4012
Ca1Mn1O3,123.55799999999999
P1Rh1Zr1,197.916
N3Ta1Th1,237.889
Nb3S4,92.7556
Ag2Si2Sr1,64.4664
Al2Yb1,49.0111
Cd1La1Tl1,48.913000000000004
Ru3Ti1,179.028
Cu3Nb1Se4,32.25
C2Ho1Ni1,162.645
Ca1Ir1Si3,112.51299999999999
Pd16S7,128.644
Ca1Ge2Ru2,104.728
F3Y1,67.2303
P1Yb1,82.8278
In1Mn1Pd2,118.978
Mg4P6Rh7,154.15
Dy1Pt1Si1,133.988
B1Tc3,306.781
Ir1Te2,110.395
Nb1Re1Si1,243.75799999999998
La1Te1,57.0056
O4P1Y1,133.41299999999998
Ba3Cr1S5,40.8419
Al2Ir1Li1,137.417
Dy1Si2,87.2413
Al4C4Th1,159.305
Al1Re2,256.937
Ag1Ti1,94.3181
Ga1Li1O2,89.8657
Au2Bi1,96.0722
In2S5Zn2,47.13800000000001
Cu1Li2Sn1,50.7222
Ba1Pt1Si3,88.0085
Re1Ti2,175.237
Cu1Sb1Se2,38.3451
Cu2Li1Si1,102.656
O2Sn1,92.6982
Nb1Ru1Sb1,169.433
Ag2Ca1,40.5794
Ru5Si3,246.123
Se4Ta1Tl3,19.5611
P1Ru1,194.804
Ir2P1,280.367
Mo1O2,222.578
As2Ba1Ru2,77.318
Ho1Si1,93.1009
Ir5La1,219.40900000000002
Cs2F6Ge1,16.902
Ni2P2Zr1,170.71200000000005
La1Rh2,135.822
Pb3Yb1,25.6389
Rh4Sn13Th3,87.335
Ba1H1I1,23.980999999999998
In2Pd1Yb1,59.7226
F2Xe1,6.9032800000000005
Be1Co1,191.517
Ba1Pd1Sn3,51.7178
Bi5La3Mg1,50.4151
Be2Cs1F5,24.2
Cu1Si1Ti1,123.637
Cu2Er1Si2,114.85799999999999
B1Tc1,294.911
Cu9In4,98.5278
Fe1Nb1Sb1,166.75599999999997
Bi1Y1,55.4333
Pd3Sn1,141.744
Ag1Al1Te2,40.2719
Ge1Ni1Zr1,149.681
H1Si3Y5,78.0861
In1Mn1Ti2,126.256
La1P2Rh2,142.014
Li1Nb1S2,82.4108
Ca1S1,57.1111
Cl1La5Sn3,52.8808
Er3F10K1,91.75
Ru1Sb2,115.291
Ag1Sc1,74.1389
Nb1S1,173.149
Au2Ba1,44.4335
C1In1Pt3,193.44400000000002
Cd1S4Y2,62.6444
Ba3Bi1N1,24.7958
C2Co1Ho1,168.33
Mg1Ni2Sb1,115.27799999999999
Al1Sc2Si2,99.1589
B12Zr1,231.972
Be1Rh1,208.917
Cu1Mn1P1,93.1208
C1Re1,388.95
Ho2Ni1Sn6,63.258
Nb3Rh1,202.622
Ge2Sc1,77.4528
Mn1Rh1,132.13299999999998
Ag1In5Se8,24.7673
Hg2Y1,65.9158
Al1C1Zr2,123.92299999999999
Rh1Sb1Tb1,112.823
Er4Fe1Ga12,74.9
P1Ru1Ta1,264.182
Al2Er1Ni1,95.6476
Sb3Tb4,66.6389
Bi3Sr1,44.9444
As4Mo5,176.851
Al2S4Zn1,85.15
Rh3Ti1,225.972
C1Na4O4,46.7906
Al3Yb1,59.8167
Rh2Si2Th1,165.377
Ga2Pt1,116.061
Ba2Si1,22.305
B6Ni20Ta3,236.09400000000002
N2Sb1Th2,63.5008
Cu1Hf1Hg2,100.961
S2Sr1,48.3464
Ba2Sn1,20.1375
As3Rh1,114.02
Ba1Li1Si1,27.5433
N1Tc3,324.116
In2Se4Zn1,30.0951
Au2In1Tb2,79.2046
Cl4K2Pd1,12.5149
Ir1Sn2,106.678
C1Lu3Sn1,93.45
Ge1Y1,78.3259
Ag1Er1Ge1,82.3075
Al1Ho2,57.4884
Rh1Sb1U1,259.969
Ga1La1Pd2,92.1304
Ge1Li1Rh2,170.1
N2Pt1,282.65
K1O3U1,133.45600000000002
Pt1Si1Y1,128.71200000000002
In1Pd2,130.797
Nb1Rh1,222.688
Ca1Pt1Si1,83.8297
Na1Nb1O3,133.614
Al1C1Ho3,81.2167
Al3V1,122.655
Al16Os7Zr6,158.944
La1Pd2Sb2,92.5931
Ag1Br1,39.3874
Ba1Pd1Si1,61.7867
Bi2O2Se1,77.3104
C1Li4O4,70.5525
Au1Ta3,192.15
Mo1Ni1P2,187.09599999999998
B1In1La3,42.3444
Al2O5Si1,144.014
Al16Ir7Sc6,142.356
Au1Si1Th1,118.182
Gd1S1,94.6056
Dy1Ru1Si1,127.56200000000001
As2Ho2Ni1,95.56700000000001
Cd2O7Ta2,154.061
C1Rh1,280.367
Co3S4,94.1722
Si1Sn1,53.1611
Au1Cd1La1,68.2375
I1K1,13.4556
Na1O3Sb1,128.284
N1Ta1,298.541
Co1N3,239.982
Ca2H1N1,55.7889
B1S3Tb1,55.6334
Ce1Fe4P12,145.909
La1Pb1Pd1,71.8925
C8Cs1,90.8412
Fe2Ta1,146.57
Ce1Ga1O3,58.8667
C2Cu1Rb1,30.9747
Al2Ni1Zr6,108.464
Al8Mo3,138.953
Al2Mg1,57.7423
Au2In1Ti1,117.9
Ir1Mn1Si1,150.04
C2Co1Tb1,167.685
Ir1Si1Ta1,256.698
Au1Th1,95.14
As1Br3Ca3,34.4278
Cu1Ge6Ho2,82.2454
C1Ga1Nb2,180.015
Ba1Cu2Te2,48.4049
Hf1O1S1,139.21
H1Se1Y1,82.3273
Er3Sn7,58.7421
Al1K1O2,92.1278
Cu3Se2,69.1684
Li2O5Si2,77.5072
Ag1Mn3N1,58.2889
Al1Ho3N1,92.2556
Si1Sn3Zr5,108.74
B2Hf1,251.301
Cd1Co1La4,43.9073
Ge1Ho1Ir1,135.27700000000002
H3U1,103.35600000000001
As1Be1Na1,45.3944
Rh2Y1,152.25
Al1C1Tb3,35.6278
Ga1La1Zn1,59.6166
F4Nb1,35.126999999999995
Co1O3Sr1,141.8
Cu3Ho3Sb4,77.4722
Cd2Ge2Sr1,47.3036
Cl4Pd1Tl2,14.2664
O2Zn1,147.727
Sc1Te1,63.0066
Mo1Si2,203.551
Dy1Ge1Ru1,124.78
As2Zr1,57.6155
Mn1S4Sc2,69.5111
Mg1O3Si1,229.067
Mn3Sb1,50.2444
Ce1Ge3V1,107.353
Ge12Pr1Pt4,120.802
In2Sr1Te4,21.7632
Au2Ho1,97.2217
Ba2Si46,76.3611
Ho1Pt2,166.644
Re1Si1Ta1,251.97799999999998
B7W1Y3,174.085
Ru1Sb1Ta1,175.983
C1Mo1,340.778
Fe1Hf1P1,144.145
Er1In1Pt1,108.374
Y1,41.5471
Ag2Ba1Sn2,43.3386
As2Os1,165.424
Au2Ge2Th1,99.9986
Dy2Tl1,54.4566
Ag1Cu4Nd1,82.6611
In3La1,56.1778
Cu1Sb1Yb1,52.6928
O7Pt2Tl2,171.894
La1Sb2,53.4518
K2Se1,15.8944
F6V1Zr1,72.9417
Pt2Y1,162.578
Fe1Te2Zr6,113.505
Er1Pt1,114.728
Ag1Ho1,64.7944
Er1O4P1,142.135
Si1Tc1,163.184
Ag1Cu4Er1,97.6833
Si1U3,133.9
Pd1Zr2,123.721
Er1Tl1,61.0612
Li3O4U1,94.9315
Ba1Hg1Sn1,31.0825
Al1Au2,124.199
Ce1Os2,213.00900000000001
Au2Nb3,168.896
O3Se1Sr1,47.9517
C1Re2,391.213
Ag1F3K1,37.8971
C1Pa1,185.27200000000002
H3Y1,85.4963
As1Sr2,30.9491
C1Cr1,328.99199999999996
La4N2S3,51.8648
C1Er3Tl1,42.6111
As1Cu1S1,63.856
P2Sc3,92.4548
Ce1Te1,71.3278
Se2Th1,75.2235
Ba1Cd2Ge2,44.3395
Cd1Er1,60.3778
Co2Cu1S4,104.51100000000001
Ir3Sc1,239.011
Se4U3,64.5389
Co1Ta1,181.85
Cd2Er1,57.0273
Li2Te1,26.2556
F3K1V1,66.3
B6Sr1,146.361
Li1,13.9884
Cd1Te1,36.2739
F4K2Zn1,45.1362
Ni5P3Sr1,142.09799999999996
Al1Re1,220.767
Ag1C2K1,27.2627
Br3Cs1Sn1,19.25
Se1V1,77.3393
Ba1Si1Zn1,43.3001
O2W1,283.079
Al1H4Th2,97.5627
P1Pt5Zn1,209.033
Os1P2,205.38299999999998
Se2Ta1,24.8125
Er1Hg1,71.3222
Ge6Ru7Sc4,156.678
Dy1Ge2Ru2,137.976
Bi2O3,116.87200000000001
Co2Ga1Ti1,110.26700000000001
P1Pt1Tb1,129.197
F3K1Mn1,61.2056
Cu4Hf3Si2,148.511
La1Pd3,112.072
C2Dy2Re1,124.76799999999999
C1Dy1Rh3,197.483
Cu1K1S1,18.0358
Er7Rh3,65.7052
Be2Fe1,125.39399999999999
Ag1Ga1,55.2944
Ce1Pt3,178.11700000000005
C2Sn1Ti3,154.944
Al1Y2,52.9926
As1Pd1Se1,91.6432
Cu1La1Pb1,58.7884
Pd2Sn1Tb1,106.744
La2O5Pd2,126.95200000000001
S1Ti1,131.363
Al1Ca3Sb3,37.8383
Al8Fe4La1,88.5876
Al1La3,40.2577
Br3Ga1La3,42.8556
Au1Er1Pb1,73.0389
Br6K2Sn1,10.0278
Na1Nb1Se2,62.6394
Hf1O3Sr1,153.68
Au3Sr7,21.974
O1S1Zr1,130.809
Mg3Tb1,41.4333
Mg1O4Rh2,169.417
Hf1Ru3,212.278
Bi2Cu1Zr6,98.6665
Ba1Ge2P2,48.2724
B6Hf3Ni20,223.817
Ho1,42.971000000000004
S1Se1,77.1806
Nb3Sb2Te5,93.1722
Cu1Ni2Sb1,142.122
Pb3U1,50.6111
As1Pd1Sr1,64.811
Au2Dy1,96.9161
Os2Si2Tb1,166.55200000000005
Cr1Nb1P1,126.22
F4Ni1Rb2,40.2276
Au1Si1Y1,88.0002
Au1Bi1Li2,46.9278
Rh3S4,140.90200000000004
S2W1,35.3132
Re1,368.129
Al3Er1,74.9556
Ba2Hf1S4,57.6546
Rh1Sb1Th1,110.917
Al1Hf1Ni2,163.178
B1Lu1Rh3,193.25
As1Zn1,62.7863
Cs2Hf1I6,7.0166699999999995
Pt1U1,100.31200000000001
Co1Hf1Sn1,102.66799999999999
Ag2La1Si2,83.8542
Ca1Mg2,30.4974
Cd3Sc1,61.4734
Ge2Ru2Th1,150.474
Pt1V3,212.06099999999998
Ga1Rh1Zr1,153.954
Al16Hf6Rh7,144.122
N1Os2Zr4,192.639
Mn1Na1O2,88.6396
Ca1Tl3,38.1778
Al3Ho1,75.1
S2Zn1,71.7541
Ca2N2Zn1,81.535
Ga2Y1,76.1325
Ca1Zn1,30.0413
Ag2Er1,70.7245
Ag1Ca1Sb1,47.4612
Au1Ho1Sn1,76.3099
Au1S1Ta5,183.128
Pt1S1Sb1,98.7484
B2Ta1,295.369
B6Gd1,172.794
C1Nb1Ru3,282.194
Ba1Hg2Tl2,29.8276
Sb3Si1Zr5,115.117
Bi1In1O3,138.861
B6Ce2Ni21,199.33900000000003
Nb4Ni1P1,193.88
Be13Pa1,124.417
Cs1Fe1O2,86.9222
Fe2Si2Tb1,138.27700000000002
Sb4Zr5,107.446
Al1C1Y3,80.6944
Ge13Ho3Rh4,109.23299999999999
In1Yb1,35.1611
C2Si1,179.82
Ir2Si2Th1,191.433
Be5Hf1,129.435
Au2Yb1,57.4776
Ge2La1Pd2,103.116
Al3Os1U2,98.8038
B6K1,133.77200000000002
Cu2Ge1Li1,87.5778
Cu1Si1Tb1,92.8228
Cd1Se1,62.4556
Si2Zr1,123.064
Fe1S2,105.171
Al1Ni3,169.983
Ca1Pb1Pd1,54.4388
F6K2Mn1,17.3389
Cs2I6Pt1,7.47222
Br1Cs1,12.4389
Er2O7V2,196.035
Pt5Pu1,200.489
P1Pu1,88.1278
Au1Mn1,91.7
Al3Zr1,101.6
Al1Er1,66.3514
Cu1Zn1,105.444
Pt3Y7,60.4231
Ga1O6Y3,136.067
C2Ge1Ti3,172.60299999999995
Al1Co2Hf1,118.944
Ba1Cu3O4,79.1342
Bi1Li1Zn1,38.975
Er1Ge3Ni1,99.2194
Hg1Se1,58.9222
N3Rh1,245.308
Ag1Gd1,74.5111
B1Be2,145.72799999999995
Cs2Te5,12.2012
Ni1Sn1U1,78.6611
B6Ta5,280.574
Te2Y1,57.1402
Al1F4Rb1,54.974
Cs3Hg20,13.6611
Li1Pb1Pd2,88.0444
Ge3N4,212.69400000000002
Al1Mn1Rh2,169.139
Ir1La1Si1,112.29899999999999
Os2Y1,210.69799999999998
In2Ir1Sr1,59.3014
Al3Y1,74.8833
Au1Er1Sn1,76.6421
Mo3P1,245.56099999999998
Ge3Mo5,211.562
Ge1Hf1Ir1,191.18900000000002
Tl3Yb1,41.2333
In1Ir1Tb1,114.795
Ba1Ge12Pt4,96.3092
Al1Cl4Cu1,11.9007
Ir1Mg3,77.2202
Ge1Y1Zn1,75.7446
Au1Ge1Tb1,90.4802
C1In1Ti2,127.62799999999999
Co1Ge1Nb1,144.755
Ge7Ni16Sc6,139.056
Cd1S2,58.7787
Hf1P1Ru1,218.71099999999998
Br1,4.6992199999999995
Cd2O7Sb2,153.444
B2Be1C2,193.66
Tb2Tl1,53.4468
Al1Li1,36.9949
Te1Y1,60.5444
Fe1H6Mg2,82.9167
Al1Cu2Hf1,130.75
Ca1Ga1Ge1,48.5693
C1Ru3Ta1,289.2
Ba1O3Ti1,136.825
Ir1Sn1Zr1,155.588
Mn1Te1,37.1944
Cu1La1,47.5025
Sb1Sc1,64.4611
Ge2Ho1Pd2,111.111
Zn22Zr1,72.5222
Be22Re1,136.306
Cd2La1Pd1,70.5489
Br6K2Te1,10.4389
Cu1S2Tl1,54.9243
Ti1Y1,44.0167
Ce1Os4P12,176.82299999999995
B2Ba1Rh2,89.5677
Al2Ru1,169.99200000000005
Ru9Sb8Zn7,132.485
O3Sb2,11.5056
Ga12Ho4Ni1,78.1333
Re1Si1,280.205
Bi1Pb1Pd2,85.3699
Zn1Zr2,93.2839
As1Mn1Pd2,121.706
Ho1In1Pt4,165.928
S2Ti1,105.09100000000001
Al2Hf3,115.99700000000001
Al1Y3,51.4167
Al1Nb1Ru2,230.602
Ga2S4Sr1,35.1385
Fe1P1Ta1,259.303
In1La1Pd2,82.6421
H2Tb1,84.3222
Ag1Cu4Yb1,78.6556
Al3Li1,65.2889
Mn1Sn2,90.9177
Ce1Rh1,104.492
Cu1Dy1,66.8444
Lu1Pt3,207.483
Ge2Ho1Rh2,137.09799999999998
Bi3Tb4,61.4222
La1S2,79.275
Ru2Si1,251.47
B1Fe2,119.39
Ba1O4S1,44.0167
B1Hf1Rh3,227.78900000000002
Hf5Sn4,109.3
Fe1O3Sr1,128.594
Be5Sc1,106.802
Ag2Ba1Te2,36.5838
As1Cd1Li1,47.3778
Mn1Ni3,141.378
As4Ca3In2,44.1429
Os1P1Zr1,227.312
Ba1O3Pb1,99.5833
Cu1F4Sr1,65.7564
O3Ru1Sr1,148.511
In1Pt5Si1,202.232
Er1Ru2Si2,157.89700000000005
Ru3Si2Y1,171.209
Be5Fe1,116.52799999999999
Pd2Sb1,125.486
Ge3Ni1Y1,98.633
F5U1,23.0708
Er1In1,59.1361
Tb1,39.0225
Ni3Sb1,162.315
Ge1O3Sr1,57.6448
Ca3Tl1,21.7444
C1H1N1,242.988
Si2Th3,93.8559
Dy4In1Rh1,64.0278
Bi1Er2O2,72.22
Hf1Pd3,177.793
O4P1Pr1,120.51299999999999
Ni1Sn1Tb1,87.5257
Fe1Si1Tb1,99.5431
Pd1Sb1Se1,81.0461
Al0.4C0.2Ta0.6,201.144
Nb4Ni1Si1,189.747
Ca1Pt2,128.245
Nb1P1,158.507
Fe1Ru2Sn1,185.767
Br6Pd1Rb2,11.5111
Pd2Si2Sr1,95.6408
Cs2Te1,10.0147
As2Co1,122.105
C1Ru3Th1,219.583
Pb1Se1,50.8611
Eu1F4Mg1,52.3918
Ir3Zr5,162.688
Ag1O3Sb1,125.92200000000001
N1Re2,381.325
Mg1Pd2Tb2,76.3589
Ce1O3Sr1,116.26799999999999
Au5Rb1,67.55
Ba1Ge3Ir1,83.2938
B12Sc1,218.481
Mn1Pd1,100.77799999999999
Al20Ti2Yb1,78.8722
Hg1Mg1,46.5444
Ge1P2Zn1,73.2326
Er1Ni2Si2,139.889
Cd2Nb2O7,181.71099999999998
Al1Au2Hf1,140.472
H7Th1Zr2,113.05
Be1Ti1,121.844
Ni2Sb1Ti1,155.417
Hg2La1,54.3486
Cd1O3Sn1,149.501
Ca3Hg1,21.8725
Au1In1O2,117.662
Co4Ge13Tb3,105.594
Ge1Ir1Zr1,187.606
Li1Sb1Zn1,46.0462
As1Cd1Pt5,182.313
O7Pb2Sb2,131.95
In3Tb1,61.8944
Zr1,94.65799999999999
Fe1Se2,84.1869
Dy1Ga1Zn1,73.65
F1La1S1,90.7319
C3Ce2,138.608
Cl8Li6V1,28.4306
Ni1P1Ta1,226.72
Al1Mg1Y1,57.4472
Cs1K2Sb1,12.5833
Mg2O4Si1,174.122
Ru2Zr1,198.06900000000002
Rh3Te2,142.167
Ba1Br1H1,29.8114
As1Nb1Ni1,197.202
As2Ca2Cd1,41.9188
Ho1Sb1,61.3611
Au1Cd1Yb1,50.5777
Hg1S1,50.2944
Al3C3Er1,160.144
Au1Zn3,91.1167
Ni1P1W1,253.71900000000002
Ca1Ni2,81.0056
In1La3,38.9389
Ge1Rh1,107.391
B2Ca1Rh3,192.74200000000002
B6H6K2,12.0333
Bi1Ho1Pt1,92.8111
As1Er1,78.6222
La1Pt1,84.8598
H1W1,285.552
Ir1Si1Y1,137.455
Er4Ge6Os7,166.622
Ga3Tb1,73.9944
Fe1La1O3,168.08900000000003
Dy2In1,54.4768
Ge13Ru4Tb3,113.10600000000001
Ni2Sb2Tb1,101.479
Si3V5,190.595
Ag2Si2Tb1,91.7254
Co1Nb1P1,206.35
Ag1Dy1Se2,49.9846
Cu1Dy2Ge6,82.0243
Bi2Pt1,82.8817
F2Mg1,104.97399999999999
Li2Mg1Si1,45.5556
Cd1Hg2Ti1,56.3782
Cs1F1,21.9111
Rh1Sb3,87.6097
Bi3Ni1,41.2408
Au2V1,100.098
Co1P2W1,205.28099999999998
Ba1In4Ir1,52.69300000000001
Hg1Sn1Yb1,40.3417
Al1N1Zr2,142.336
Sb1Sc2,69.4339
Pd3Sc1,136.556
Ge13Ho3Os4,119.57799999999999
Ir1N2,329.876
In1Li2Mg1,30.7278
Ge1Pt1Se1,119.016
Ga1Ir1,217.956
B2Ca1,122.25200000000001
Ir1N1,296.0440000000001
Pb3Tb5,58.9777
Ag1As1S1,40.5661
Dy1Ge1Pt1,121.774
Cd1Gd1,52.6
Yb1Zn1,35.4722
S1Y1,93.4444
Al1Dy1Zn1,70.5259
C1Zn3Zr3,114.367
Hf1Rh3,221.583
Dy2S3,81.5018
Ca1Cd2P2,58.5234
Au1Sb1Yb1,43.4767
Ge3Pt2,117.69200000000001
Er4Sb3,69.0241
Co2Ge1Mn1,82.3056
Pt2Sc1Sn1,139.144
Dy1Sb1,60.7833
Ir1Yb1,91.95
Dy4Ga12Pd1,80.5722
Cu1Dy1Pb1,68.9934
Ca1Pd1,54.8278
Gd1Se1,77.6556
Na3P1,26.701
In1Rh1Y1,98.7103
Au1Mg1Yb1,43.0892
Ho5Ni2Sb1,65.3642
Al2B2Ru3,238.799
Ca1O3Sn1,139.722
Au1In1Yb1,48.3469
Au1Cd1Sb1,67.9
Pb1V3,149.972
C1K4O4,34.5463
Cd1Co1Ho4,59.1111
Er1Ni2P2,156.93200000000004
Al1Er2,56.51
Bi1Pt1Yb1,59.7222
Cd1Cs1F3,53.85
Mo3Si2,224.21200000000002
Re1Ti1,218.68900000000002
Hg2O7Sb2,149.528
Dy1In1Zn1,64.9651
Au1C2K1,33.0677
Ca1Ge2Ir2,118.61399999999999
Co1K1O2,64.3279
Ho1P2Ru2,169.699
C1Sn1Y3,81.9889
As2Ba1Ge2,43.1844
Cd1O6Pt3,194.815
Rh3Ta1,261.828
Ni3Si1,216.66099999999997
La4O4Se3,74.589
Co1Er1Ge2,106.65
Cu1Sc1Sn1,78.1267
N2Ta1,277.716
Ga1Ni1Ti1,134.605
Al2Dy1,80.0111
O6Ta2V1,187.09400000000002
Pd1Sc2,83.9444
Li1Tl1,27.6556
C1Tc1,235.533
Dy1Pb1Pd1,83.1196
Au1La1O3,104.652
B6Tb1,165.8
Pt1Th1,126.104
Pd3Te2,105.154
Hf1Mo1Si1,185.613
Cr1N3Sr3,51.5257
Al16Pd7Zr6,127.57799999999999
Ag2Yb1,40.5889
Au1Ca3N1,52.3056
Sc1Zn1,72.7444
Li3Pb1,26.1722
Mg1Y1,41.4889
Er3Ga1O6,143.07399999999996
Ga2O6Te1,183.975
Au1Ge1Ho1,84.1333
Ge8Na6Pt8,83.05
Mg1Tb2,39.5953
As1O4Tb1,125.898
Ge2Ir2La1,150.639
O6Sb2Zn1,166.25400000000005
N2W1,305.379
Rh1Tb1Zn1,102.031
Cl1Cu1,48.8718
Ag1F3Rb1,42.2735
Er4In1Ir1,69.6314
As4Mg1,43.8761
Br6Rb2Te1,9.12778
Ge6Ho4Ir7,162.056
Br1K3O1,19.2167
Co1Sb1Ti1,143.233
C3N4,388.65
Ag1Er1,65.6
Cl2Zn1,10.2831
Ag1Ho1Pb1,62.1442
Sb1Zr2,106.87100000000001
C1V2,236.757
P12Ru4Tb1,160.791
Br6Cs2Sn1,7.84444
P1Pd5Tl1,144.961
Cu3Dy3Sb4,76.8714
Ba1F4Mg1,55.9662
Ba1Be13,89.4444
Au1Ho1,87.5111
C1Mn3Sn1,78.8778
Al3C3Y1,157.31799999999996
Li1Na1Te1,25.4256
Cu2O1,110.39399999999999
O4Rh2Zn1,176.167
Al2Dy3,59.1659
Ho1Ni1Sb1,93.8833
Co1Dy1Sn1,80.5705
Nb1Pt3,245.49599999999998
Ga1Li1S2,43.7995
Be13Hf1,125.944
Cu7Zn16Zr6,99.4444
As1Tl1,39.5389
Ir1Sb1Te1,121.28399999999999
Ge2La1Pt2,111.584
Hf2Ni2Sn1,140.849
Cu1K1Te1,28.5064
N1Na3,32.4207
Hg1I2,4.7095400000000005
Ca1H2,50.2053
Rh1Sb1Se1,110.444
Ba1Li1Sb1,29.9651
Dy1Ga4Ni1,91.3146
Cu1Er1Sn1,75.6198
Au2Er1,101.818
Au1Dy1Ge1,89.8574
I1La1,42.3215
Al2Pd5Y1,133.09799999999998
Mn1Se1,67.0389
Cd1Mg1,44.4252
Er1S2,95.2256
Bi1Lu1Ni1,84.4833
Al1Sb1,48.7593
Cu1In1Se2,52.3168
Ga1Pt3,209.155
Ce3S4,82.9111
Co1Sn1Th1,108.17200000000001
Bi4Ce3Pt3,92.2874
Cl4Cu1Rb2,14.7766
Li1O2Rh1,123.62799999999999
Ru1Sc1,136.961
B2Co2Y1,144.762
As4Th3,95.2333
Al1Li5O4,80.2061
Ir1Nb3,221.783
Co1Nb4Si1,189.12900000000002
Ho1Zn1,58.7556
Na2S1,29.3944
Au2Ti1,117.243
Mg1Tb1,41.4333
Rh2Th1,136.688
Al1Cr2,138.40200000000002
Ru2Si2Tb1,152.168
C1Ge1Ti2,153.614
Gd1Te1,71.8444
C2Re1Y2,122.711
As4Na8Ti1,26.6278
Be2Cu1,131.006
Ge7Hf6Ni16,178.278
Ho2Mg1Se4,52.6556
Ca1Pt1Sn1,78.484
Ag1Ca1,34.0954
B6Dy1,178.59400000000005
Co1Zr1,109.411
Dy3Ga1O6,140.315
Bi2O7Ti2,168.36700000000005
Er3Ru2,91.0634
Ru2Sb2Sr1,82.8384
In1Ni2Tb2,74.1177
Ga1La1Mg1,50.391999999999996
Al1Cu2Sc1,105.14399999999999
Rh1Te2,96.6176
Au3K1Sn3,45.6248
W1,297.672
Ge2N3Na1,132.517
Fe1Ge1,79.1666
Na8Sb4Sn1,19.9
Ho1S2,93.9665
Ga1Pd2Sc1,121.089
I6Rb2Sn1,8.32778
Pd2Ti1,187.43599999999998
Rh4Sn13Sr3,65.7167
Li4O4Pb1,66.2776
O1Pb1Sr3,40.85
Hg1Sr3,15.9327
Al2Co1Zr6,107.353
C1Ir1,276.461
Al9Ba1Ni2,79.2764
H6Na2Pt1,23.0639
Al9Co2Sr1,87.1694
Al1Li2Pd1,68.6556
Cd1Ge1Sr1,43.1732
Ca3Cl3P1,40.15
Si1Zr2,127.611
Au1Ba1Sb1,43.5731
Au1Er1,88.8556
Ge2N4Si1,244.93900000000002
Dy1Pd2Si2,133.829
Pd1Y1,82.958
Er1Pd1Sb1,91.0667
Au2In1Th1,96.9
Si1Sr1,41.2233
Hf2S1,134.205
I6Pt1Rb2,9.522219999999999
Cs2I6Pd1,7.77222
Be1Se1,87.95
Na6O5Pb1,60.7226
N1Pu1,144.886
Na1O3Ta1,190.778
Ga1La3,39.7556
Co2Si1V1,181.578
Co2Se2Tl1,35.1563
Er1In1Pt4,167.667
O1Sn1Yb3,60.9667
F3Rb1Yb1,45.7111
Mn2Te4Zn1,42.1944
P1V2,201.765
Ba1O2,68.0023
Zn2Zr1,99.5944
Pd3V1,194.60299999999998
Er1Ir1Sn1,118.796
Sn1Sr2,24.8908
Hf1Ni1P1,193.463
N2Se1Th2,110.575
Ir2Si2Tb1,177.548
Ni4P4Ta5,222.43200000000002
Cd1P2Sn1,56.96100000000001
Er3Pd8Sb4,117.0
F6Na1Sb1,21.75
Ge2La1Ni1,94.5536
Ru1Si1Y1,137.623
La3Sn1,44.0778
Cl1Tl1,22.2778
Pt1Zr1,165.763
Ga1Pd1,125.235
Cr2O4Zn1,175.50599999999997
Au1Gd1,67.735
Er1Ge2Rh2,138.213
B2Mn1,151.559
F6Si1Tl2,19.8944
Ge1Ho1,82.6787
Al2Pd1,110.98299999999999
Mn3Nb6O11,178.793
Ni1Sb1Sc1,98.8444
C3Yb2,72.5313
Sn1Zr3,101.76700000000001
Ca1Sn3,42.3222
Ag1Ba1,20.2538
Pt3Sb2,132.80200000000002
Al2Ba1Si2,57.2479
Ba1H3Li1,38.8889
Ca1O3Rh1,160.752
Cd1S1,55.3691
Eu1Hg1,36.2222
Dy5S7,78.9387
Ir1Zr3,129.33100000000002
Se1Zn1,58.332
N3Ta2Zr1,270.52099999999996
B1Ir1Mg1,186.465
Sb1Tb1,60.1833
Au1Cl3Cs1,34.1556
O1U1,115.23899999999999
Ga3Rb1,30.3889
As1Sb3Zr5,112.66
Ba1P1Pt1,80.3122
Dy5Ni1Pb3,57.0882
Dy5Ru2,64.0694
Cs1I3Sn1,13.0419
Br4K2Pd1,11.1218
Au6In5Na2,57.0675
Ir2Mg1,197.74
Ag1Cu4Dy1,99.5222
Dy3Ge13Os4,119.0
Cu1Rh2Se4,82.4944
O1V1,155.7
Er3Os1,71.8146
Cu2In1Sc1,91.6333
C1Dy3Tl1,41.1722
Au1K1Se1,13.8434
Bi1Ir1Se1,116.494
S2Ta3,121.976
Ho4In1Rh1,65.2889
In1N1Ti2,140.0
Ir4La3Sn13,85.2944
Ge1La1,63.0948
Be2Ti1,119.689
C11N4,401.73699999999997
Ce1P12Ru4,159.96
Au7Cd16Na6,45.2167
Ni1Si3Sr1,88.2807
Pd3Yb1,104.3
Au1Pb4Rb3,12.5592
Er1Ga3Ru1,115.083
La1Os2Si2,134.213
Sb1Se3Tl3,15.4473
Si1Ti1,140.342
Ir1Mo1,312.625
Ni2P2Th1,152.251
Sn2Y1,57.9819
Cr2Cu1Se4,66.1
Ca1Hg3,36.4153
Cu2In1Ti1,117.0
Ba1Tl2,26.449
Ga2Ru1,164.19099999999997
Be4Ca2N4,112.09100000000001
Pb3Pr1,51.4278
As1Au1Ba1,50.6578
Cr3Si1,191.217
Sb2Tl7,26.0444
Hg1Pb1Sr1,34.088
Be13Ca1,94.9278
Ru1V3Zr2,163.282
Mn1Pt3,184.489
Ni1Tl1,79.8363
Ba1Ge3Pt1,75.1723
Al1Mn1Ti2,135.311
Te1Zn1,31.4499
O7P2Zr1,129.516
Cu1Ni2Sn1,149.02200000000005
O3W1,165.298
Mn6Sn6Zr1,54.388999999999996
Pd2Sn1Y1,108.72200000000001
Ag1Si1Y1,84.803
N1V2,257.97
Cu1Hf5Sn3,116.87700000000001
Al3Pr1,84.9528
Bi1Er1,56.4556
Ag8Ca3,45.5833
Ru3Sn7,104.044
Be1Pd2,158.459
Gd2O7Ti2,179.628
Cu4In1Y1,96.0667
Ba1In2Rh1,46.6457
Ba1Os2P2,97.3432
Ca1Cd1Ge1,49.4701
Ag5S4Sb1,35.2376
La1O4P1,111.976
Mn2O3Ta1,150.97
Ca1Pt1Si3,103.65100000000001
Pb1Sr2,22.701999999999998
I5In1Sn2,11.1918
Bi1Na1,30.3974
Ag1Pd3Se1,107.729
La1Mg2,36.6778
Ba1Ge3Pd1,66.6438
Mn2Si2Tb1,85.2974
La5Si3,53.2085
Al3Th1,84.28200000000002
Al1Au2Mn1,104.55
In1Ni2Zr1,127.444
B2Mo2Nb1,271.632
Al1Zr1,107.029
Co1Ti1,117.133
Ge1O3Pb1,157.483
Au1Rb1Te1,26.4855
Co2Sn1Ti1,87.4444
B2C2Y1,171.47299999999996
Rb1,3.15
O4Sn1Zn2,145.506
Al2Tb3,57.9702
Er3Os4Si13,142.765
Bi1K3Se3,13.2031
Cd3Ho1,55.4033
In1Pt1Sr1,64.2191
B1Pd3Yb1,109.956
Bi1Ho2O2,70.6742
B2V1,277.221
Ba3Ge5,36.6308
La3Sn7,53.1071
O3Re1,162.045
Gd1Rh1,108.044
Ir1Zr2,135.017
Cr2Cu1S4,82.7333
La1Rh1Sn2,81.9761
As1Ca1Rb1,21.2268
Ca1Ir2P2,136.833
P12Ru4Th1,162.839
Er4Ga12Pd1,81.0167
Er1Ge1Sn1,67.9867
Hf1O3Pb1,164.794
Mn1V1,224.467
Ag1Ga1O2,130.981
Ca2O4Pb1,105.00200000000001
Ge1Pd1,141.763
Sb3Sr5,30.1386
Hg1Yb1,39.25
Pd1Sn1Y1,93.4889
B1Mg8Rh4,77.6333
Gd2O7Sn2,156.244
Mg1P1Pt5,205.768
Cl2Mg1,36.0385
Hg5Pd2,68.8621
Ag1O1Rb1,23.9464
B1Rh6Ti2,228.317
Co1Ni2S4,76.6944
Ti2Zn1,109.227
Al4Ni1Tb1,95.9113
Dy1In1Pd2,104.633
Os1,406.445
B2C2Gd1,168.768
Lu3Os4Si13,144.756
Hg1Mn1,60.6556
Ni16Si7Ta6,224.583
Ir1Ti1,218.71099999999998
Al1O3Y1,190.64700000000002
Te1Ti1,52.8616
Ru2Si2Y1,151.128
Mn2Sc1,56.2437
Ga1Ru1,202.872
Er1Hg3,63.4793
In4Ni1Sr1,48.6325
Mn1Se3Th1,66.3544
Hg1Ti1,65.945
P1Pt1Y1,127.74700000000001
N1Ti2,174.394
C1Ti2Tl1,121.925
Ag1La1,36.7466
As2Ca1Ru2,102.609
Au1Cu4Dy1,110.87799999999999
C1Hf3Zn3,125.956
S7Tb5,76.8718
Al1Ba1Si1,49.0752
N1Nb4Ni2,217.983
Er2O7Tc2,185.90599999999998
Ba3Cr1N3,33.1987
Dy1Os2Si2,168.899
C1Sc3Tl1,93.2333
N2U1,253.567
Hg2Ho1,67.5175
Nb1S2V0.333,86.5386
Ba1In2,30.2865
Nb3Sb1,166.02200000000005
Al2Cd1O4,173.517
N1Ni3Zn1,198.15
W2Zr1,212.21099999999998
C2Y1,112.619
Ge1V3,175.611
P1Ta1,160.91
Al3Ru2,151.844
Sn4Sr1,40.2189
In2Li1Rh1,93.1167
S2Si1,25.7322
C1Rh3Y1,197.794
Dy1In1Pt4,164.822
Ni3Sn1,153.88299999999995
Pd1Sb1Sc1,96.3611
Al1K1Te2,18.1246
B4Rh4Y1,228.407
Cu3P1S4,73.166
Be1Hf1,121.15799999999999
Ag1Bi1Ca1,39.2021
O1Se1Th1,117.31
Au2Ho5Sb1,66.4769
Li1Pt2,133.439
Au2Ca1Si2,88.7606
Fe1O2Sr1,100.32600000000001
Hf1Ir3,282.067
Cd1Se2,50.5432
Al3Hf5N1,129.498
C1Rh3Yb1,151.3
B1Ta2,241.95
Al1Cu2Re2,198.38
Co1Si1,191.9
Ca1F3Rb1,47.8222
Au4Yb1,74.8287
Ba1Cr1S2,50.7355
B2Ru1Y1,166.327
Au1C2Rb1,30.2743
Ca1Zn13,67.65
Mo1P1,87.5056
Be1Ni1,185.75599999999997
B1O4Ta1,265.29900000000004
La3Sb5Zr1,60.6788
Ge2Mg1Y2,72.8812
I6Pd1Rb2,10.0556
In1Sb1,37.8522
Ir3Ti1,289.5440000000001
O1Rb2,22.7389
Er1S1,100.60600000000001
Ir5Th1,247.435
Ir4Sn13Yb3,74.2
O3Sr1Tb1,97.3975
Br1K1,13.8278
Os3Sn7,115.85
Ti1,113.529
Hf1,109.90899999999999
Mg2Pt1Si1,98.2292
Cr1F4Sr1,63.2277
Pd1Tb1,79.8251
Er1Sn2,57.9944
Ga3Ho1,70.4417
Ag1Ge1La1,65.5735
O4Pd2Y1,153.839
Be1Pd1,167.74400000000003
Cd1Cl3Cs1,30.5167
Al4C4Si1,156.225
Bi2Er6Mn1,60.3221
Ag3Pt1,111.094
Er1Hg2,67.7116
Ag1Cr2Te4,44.3111
P1Tl1,46.5556
C1H1,177.06900000000005
Ge2Ho1Ni2,124.70200000000001
Ca1Se1,32.6278
Ba6Mg23,24.8222
As2Cu1Er1,91.5268
Ni1P4Si3,104.12700000000001
Au1Dy2,60.3744
Au1In1Y1,82.8135
B2Ru1,283.533
C1Dy3Sn1,82.7333
Ce1Tl3,57.2667
Be5Pt1,163.983
Ir2Sc1,216.667
Al2Ge1La2,63.8394
Ge1Mn1Ni2,141.733
Re2Y1,201.33599999999998
C1La3Tl1,55.6056
Ac1H2,56.1556
Ho2O3,144.876
Cr1Te1,57.5676
Ir1S1Sb1,137.809
Dy1In3,62.9056
Tb1Te1,63.7611
Ag2Na1,37.0
B3Ru2,296.801
B2Mg1Ni3,192.051
Al2Cd1Se4,63.8611
C3Sc4,108.044
Cr1Cu1O2,153.269
Cu1Mg1P1,90.6306
Hf2Ir1,156.178
Bi1Ni1Sc1,86.9444
Hf1P1V1,185.363
Mg5Pt10Si16,128.083
Hf3N1Zn3,128.011
Au2Er2Sn1,76.5989
Hf5Ir3,183.65400000000002
As1Cu1Sr1,56.2532
Ba1Sn1,27.5723
Mo1P2,169.671
C1In1La3,56.1611
Dy1Sn3,55.2944
Cd1Er1Ni4,120.35
Be13Ho1,112.861
Ho1Rh1Si1,128.477
Dy1Te1,64.5333
As2Rh2Sr1,55.3483
Ho1P1,87.6556
Be13Tb1,111.833
B2Dy1Os1,209.005
Be3P2,99.75
In1La2Pd2,70.7105
Ga1Ir1Y1,128.069
Ca1Cd1,32.7389
Ba1Ir1P1,93.4903
Ru1Tb3,59.133
Er5Si3,77.4364
In1Rh1Tb1,100.02
In1La1Pt1,86.1354
Li1Pt7,207.578
Rh1Si3Tb1,123.93299999999999
La1Sn3,52.1611
Bi4La3Pt3,76.711
Au1Be5,134.29399999999998
Er1Ga2Ni1,102.839
Ho1Pd2Sn1,106.461
Pt1Sc1Zn1,120.61200000000001
Al1C1Dy3,76.9278
Si2W3,239.11700000000002
Cu1Te2,47.9281
C1La3Pb1,60.3333
Ru4Sn6Y1,117.22399999999999
H3Mg1Na1,39.3281
Hg2Mg1,43.1007
Au3Cu1,116.094
Ni1Sb1Ti1,126.456
Mg1N2Si1,172.96099999999996
Ho4In1Ir1,68.4074
B1Li3N2,70.7332
La1Ni1O2,137.859
Au1C2Li1,45.882
Ba1Ge1Pt1,65.3613
C1In1Sc3,94.1444
Lu1Te2,59.4833
In1Tb2,53.7967
Al1C1Sc3,97.2611
La1Pt5,176.72
Cl8Co1Li6,50.4167
Li9N1S3,47.8556
Mn2O7Tl2,155.878
La3Rh4Sn13,78.7333
Ag1In1Te2,34.8044
F2Pd1,95.7347
Ag2In1Y1,72.8444
Ag3Na1S2,29.8167
C2Er2Re1,129.76
Mn1Nb1P1,242.03400000000002
F6Rb2Si1,19.0917
Cd1I2,10.5503
Fe1Nb1P1,249.94400000000002
Al1Dy1,63.5722
Y6Zn23,70.5
Co4Er3Ge13,109.094
Ca3Rh4Sn13,68.7167
Ru1Ta1,233.233
Au1O1Rb1,25.509
H6Os1Sr2,53.0056
Ag1Dy1,63.2722
Ir2Si2Y1,177.52200000000005
Cd1Cr2S4,77.7389
Pt1Sb1Y1,99.1667
Al10V1,85.8556
Cs1,2.07222
Ho1Mg1Sn1,57.4855
Sr1,11.1778
H2Nb1,179.358
Sr1Zn13,66.1278
Ir5Sn7,130.20600000000002
C1Pd1,210.86700000000002
Al8Dy1Mn4,130.601
Ag1Pt5Si1,198.197
F3Na1Ni1,64.6318
Cr1K1O2,109.58200000000001
Mg2Th1,51.0389
Pb1Rh1,111.20200000000001
F4K2Mg1,46.0564
Ba1Mg4Si3,52.4247
C20,332.972
In1Pt2Zr1,163.589
Ce2N2Se1,112.656
Cs1F3Mg1,61.9111
Cu1Tb1,65.75
Al1Tb1,62.8056
K3Sb1,13.1278
P2Rh2Sr1,90.2064
C3Nb4Si1,243.455
Ga2Pb1Se4,31.9935
Cd3N2,91.5034
In14K3Mg20,36.7167
Cu1Hg2Zr1,101.061
Mo3Zr1,191.83900000000003
Ag1Hf1,103.11
Ir4Sn13Sr3,71.7944
Ga1Sc1,78.609
Be13Sr1,94.7722
Ni1Rh2S4,113.35600000000001
Au3Ge1Na1,59.7748
Bi1O3Rb3,15.7753
Os1Si1Zr1,209.047
Cd1Er2S4,64.0111
Co1Ga1Hf1,155.732
Ba1S3Zr1,70.0303
Au1Dy1,85.1389
Ge6Lu4Ru7,154.378
Ca3N1P1,63.3389
Br6K2Pt1,12.1333
In1Pt3,197.011
Li1P1Zn1,64.5556
Ag1Nb1O3,189.9
F2Kr1,6.9585399999999975
Tb3Tl5,55.821999999999996
Al7Cu16Yb6,71.5278
Dy1Mg1Pd1,72.2429
Ag1Sn1Tb1,67.2639
Cs1I1,10.0944
Mg1O3V1,109.03299999999999
Au2Si2Tb1,114.352
Re2W1,329.425
Ag1In1O2,102.215
Al1Mo3,220.922
Pb1Pt5Si1,194.88
Ca1Rh2,113.25
Pt1Sn1Y1,110.414
Bi3Sr4,29.5333
C1Nb2P1,221.209
Ge13Ir4Yb3,97.7167
Ag1Mg1Sb1,54.3667
Ag1In1S2,48.2976
O2Th1,157.334
B3Nb2,276.106
Mo3Os1,287.828
Dy3Rh1,58.1985
Fe1Ru2Si1,237.0
La1Zn1,46.8111
Fe1Si1Ta1,167.584
Bi1F4K1,53.5778
Au2Ga1,87.4129
Pt1Sc1Si1,148.625
Ca7Cl2H12,46.9383
Hg3Y1,62.7056
Ca1Cd2,41.9007
O7Sn2Tb2,161.139
N4Zr3,205.144
Al1Hf1Pt1,164.497
As4Pa3,114.73299999999999
Ga1Ho1Pt1,118.03
Ga12Lu4Pd1,83.7778
Cl4K2Mg1,21.8829
Sr1Tl2,28.2712
Co2Fe1Ga1,106.367
Cr2Hg1Se4,60.4229
C2Mg1,77.8056
Cu2La1Si2,103.318
Cr3Nb1,80.5222
Gd2Hf2O7,168.0
Ag1F1,55.1611
P1Sb1Zr2,113.46700000000001
Ag1N1,130.858
Sb1V3,170.55
Rh2Tb1,154.0
Cs1F3Sr1,40.176
Hf3Rh5,194.59
As3V5,171.08900000000003
Ag1Dy1Sn1,68.2056
As1Pd2,130.78799999999998
Se1,19.0167
Cr2O6Te1,194.65900000000002
Bi1N1Sr3,43.8222
Ca1O3Pt1,148.041
Re1Si2,220.81599999999997
Si1V3,187.58900000000003
Er4In1Rh1,66.2889
Au1Ho2,60.4365
As1Er1Pt1,116.274
S3Th2,87.0959
Os2Th1,213.22799999999998
Nb3Rh1Se6,74.7013
Tl1,29.6552
In1Pd2Zr2,128.19799999999998
Ru1,312.163
Rh1Zr1,166.74400000000003
Ga3Ho1Ru1,113.76700000000001
Br3Ca1In1,16.3013
In1N1Sc3,100.561
Er1Pd3S4,103.094
H1Mg1Ni1,96.5623
Bi1Pt1,91.4979
Mn1Nb3S6,69.502
Ga1Hf1Pd1,143.889
Hg1Mg2,47.8227
Ge1Li2O3,69.7235
Al1Li2Rh1,82.5944
Ge3Ir2Tb3,109.412
Cd2Yb1,39.1202
Cl4U1,31.3595
C1Tl1Y3,77.3389
Bi1O3Rh1,171.479
In1La1Pt4,150.72799999999995
Ag1Au1F4,37.0529
Mn3N1Zn1,87.4
B3C1Nb3,275.481
Ge2Rh2Tb1,135.013
Al1C1Ti2,136.207
Re5Si3,288.943
As1Cu3S4,67.9556
Au1Lu1Sn1,80.6389
Bi1Ti2,73.5796
Al4Er1Ni1,99.2219
Ba1Pt1Sb1,58.6376
Al1P1,82.8556
Au1In2,53.2056
Er1Ga3,78.9444
Ba1Si2Zn2,60.5177
Al2Tb1,79.4667
Ba2Ge1,22.0405
Th3Tl5,68.1306
As1Zr1,118.449
Au1Li3,32.0778
Na3Sb1Te3,14.5051
Au2Sn1U1,79.0944
Fe6Ge6Hf1,97.8351
Li1Si1Y1,62.7917
Dy1Ni1P1,128.009
Ca1Cl2,28.1042
Ru2Si3,200.83599999999998
Al3Nb1,128.547
Al1Er1Pd1,98.7695
Be2Zr1,119.78200000000001
H2Hf1,148.132
Mg1O6Pt3,188.31400000000002
As1La1Te1,57.8135
Dy1Ir1Si3,132.84
Dy3Ni2,60.2706
Cd1Sr1,24.95
As1Ba1Li1,34.2294
Co1Rh2S4,100.756
Er2In1,56.4123
H1Ho1Se1,86.494
Al1Ti1Zr2,99.4611
Dy1Sn2,58.5548
Al2Au2Th1,111.65
B2Ir1Mo2,308.087
Cl6K2Mn1,11.9556
Fe1Si1,222.095
Al1B1Be1,140.778
O2V1,230.18599999999998
Cd11La1,55.2111
In3Pd2,88.6733
Ga3Sc1,83.3889
Dy1Zn1,55.8389
K2Mg5Sn3,21.9928
Cs2I6Te1,7.11667
B12Er1,220.933
B1V1,262.848
Fe1Ga12Y4,74.1222
Ag2Sr1,36.9429
Na3S3Sb1,22.8813
Ge1Ru1,177.352
Br2Ca1,26.1559
Cl1Cs1,14.6833
Bi3La4,49.7833
Cd1Ho1Ni4,116.89399999999999
Li2Se1,33.8722
N1Pd1,207.717
Ga1Y1,66.3681
Pd3Zr1,169.206
Al1C1V2,174.037
Er1Ni1Sb1,93.1556
Mg2Si1,55.7237
Ni1S2,78.6682
Ge1Mg2O4,158.111
Cs1S2Tb1,41.0232
Co4Ge13Y3,105.711
Co1Er1Ga1,102.26299999999999
Cu1Er1Si1,97.5258
Ca3O1Sn1,54.5889
Mo1O6Rh2,216.51
Mn2Sn1W1,212.52200000000002
Cu1Nb4Si1,181.28900000000002
Ge3Pd1Sr1,72.648
Al6Re1,111.734
Nd1Os4P12,174.813
C1Th1,147.5
Rh1Tb1,112.15
Ag2Sc1,77.9937
As1Pd1Tb1,105.81299999999999
P2Rh1,164.984
C2Na1,177.833
Pt1Si1Sr1,91.8886
Ge1Mo3,231.46099999999998
Ba3O5Si1,73.9944
Cu4Mn1Sn1,99.5167
As2Sn1Zn1,52.224
Si1Ti1Y1,88.2163
Cd1F2,95.3389
Sb1Y1,58.9722
Ho2S3,80.6856
Ni1O1Zr3,151.82399999999996
Dy1Mg1Sn1,57.1123
Er5Ni1Pb3,60.85
Dy1,39.3711
Ag2In1Tb1,73.3722
Cu1Mn1Sb1,69.3111
Se2Zn1,59.6717
Co2Ge1Zn1,73.8333
C1Tl1,85.1167
Ge2La1Rh2,118.265
Ca3Ge1O1,58.5667
Cu3Sb4Tb3,74.8667
C2Er1,123.02
Al3U1,79.2667
Au1Ge1Y1,88.1013
Ga1Pd1Tb1,94.1726
Cd2Dy1,55.074
Hf1Mo1P1,203.079
Ge1Ho1Sn1,67.2327
Os3Ti1,288.783
Co1Ge1V1,191.875
P1Sc1,96.1167
Er1Rh5,182.014
Al1Sc1,71.2167
Na1P1Sr1,38.6656
Ba6C60,72.9819
Ga1Se2Tl1,26.1595
As1Nb3Te3,69.4018
Co1P1Zr4,126.00299999999999
Ga1Ni2V1,180.317
Pt2Yb1,132.483
Bi1Nd1Pd1,71.4
In1S2Tl1,46.0798
F4Pb1,32.3623
C1Ga1Ho3,45.15
As7Mg6Ni16,132.417
As2Pt1,133.131
Ag2O1,56.2778
Bi2O7Rh2,172.622
Ni1Sn1Y1,87.3032
Dy3Ge13Rh4,107.98299999999999
Ag1La1Pb1,54.7832
H1Pd3Tl1,135.589
Au4Li15,27.7389
Cd1Ho2Se4,53.5278
Br1Rb1,14.3
Er4Ge6Ir7,164.55599999999995
La1Pd5,123.902
Ba3Pb5,26.8549
Ho1Sn3,56.6611
As1Gd1,69.6056
Cl6K2Ti1,11.4833
Cd1La1Pd1,71.1128
Au1Ti3,78.1722
F10K1Tb3,85.7722
H1Pd1,179.144
Fe1Ga1Ni2,158.406
Pd1Se2Tl2,33.8498
C1Nb4Ni2,197.894
Ir1Si3Y1,130.733
P1Pt1Sc1,133.349
Ca3H2Pb1,34.768
Ba1Hg1,24.0
Pd1Sb2,83.9506
Ni1Si2,143.961
Cu1F3Rb1,41.8237
Cs2S2,12.3374
Ir1Y1,132.95600000000002
Ir1Sb1,163.809
Au1Cs1,11.3278
Ge2Mo1,157.811
C1Sc3Sn1,96.6222
N1Ni2Zr4,146.433
C1Nb4Zn2,182.833
Dy2Ge2In1,70.3233
Cd1Er1Ga1,69.462
Bi2Ir1,92.3021
Cd1Pt2Zn1,155.091
C1Ca1Pd3,126.65
Al1N3V4,196.139
Pd2Si1,182.861
Dy1Mg1,41.5389
Au1Mn1Sn1,68.0889
Dy2In1Pd2,87.5686
La1Pd3S4,96.8056
Pb1Th1,65.4041
Ge7Ir3,146.483
Yb1,10.1611
Ho1N1,166.433
Se3Th2,78.0087
Al16Os7Sc6,143.139
Bi1Ca1Cu1,46.7346
Ag1Zr2,94.3041
O1Pb1,20.4054
Be2Si1,98.7278
Dy1Pt2,164.956
Ba3Mn1N3,36.8776
Ca1Cd1Pb1,38.1479
Ir1Li2Mg1,64.8
Na2Te1,20.2667
Sr1Tl1,26.3667
C1Pb1Pd3,139.322
Cu1Ge6Y2,77.9372
P1V1Zr1,171.72099999999998
Hf1In1Ni2,150.178
Al20La1Ti2,81.4833
Au1Tb1,82.1
C2Cs2Pt1,33.801
B3H12Y1,29.5333
In1La2Rh2,81.6831
Er1Pt1Si1,134.315
As1Ni1Se1,93.1785
Si1Zr1,143.955
As1Pd5Tl1,134.482
Al1Ge1Y1,81.5208
Ca1Ir1Sn2,74.4661
C1Co2Ta4,236.61700000000002
Ge6Ir7Tb4,158.9
La1Mn1O3,164.472
Dy4Mg1Rh1,55.5611
Br3Cs1Dy1,26.224
Cu1Ge1Sc1,100.09899999999999
F3Na1Zn1,74.6982
I1Tl1,14.3111
Mg3Ni2Ti1,80.2056
Ho1Ir2Si2,179.915
B2C2Tb1,173.294
Be13Ce1,112.539
Mn1O1,144.689
Cd1N1Ni3,182.581
Ga1Mg1Sm1,58.9574
Ca1O4S1,59.0072
Rh1Sn1Zr1,140.696
C1Nb3Ni3,196.111
F3La1,121.316
Hf1Os3,266.844
Al2Cu1Mg1,78.0023
Cu1Sn3Zr5,110.12299999999999
Co2Ga1Mn1,84.4556
Bi1Ca3N1,54.1722
Ca1Pb1Sr1,27.0474
Ba1Cd1Ge1,35.0913
Co1Ga2Zr6,108.729
Nb1Rh1Sb1,151.611
Ag1Sb3Zr5,113.179
Ho1Rh3Si2,179.72799999999995
Ge1Rh2,189.525
Al1Tb2,54.13800000000001
Cd1Cl8Na6,21.3111
Cl6Rb2Ti1,10.2778
Ga1Ir1Th1,127.14200000000001
Sn6V6Y1,112.346
Cd1Dy2S4,62.9389
La1Ni2Rh3,155.306
B2Mo2Os1,315.64
H2W1,227.97400000000002
Be1Cl2,11.6333
Dy1Pt3,173.58900000000003
Cu2Sc1,93.9396
B1F5Li2,45.4326
Ba1O3Sn1,126.73899999999999
Ga12Ho4Pd1,82.4
Sr1Zn5,50.8399
P2Ru2Sr1,88.9962
Al1Ni1,164.578
P4Pa3,129.878
Ga1Gd3O6,131.762
Au1Ca1In1,53.8758
Ag1Er1S2,61.7553
S1Th1,106.17200000000001
Rb2S1,15.6519
Mn1Ni6O8,162.70600000000005
Fe1N2W1,261.332
Cl2Hg2,12.9243
Cr1La1S3,81.7422
Cl6Rb2Te1,9.0
Ge6Ir7Sc4,176.31099999999995
H1K1,14.9944
Cs1Gd1S2,39.2709
Hg1La1Pd1,74.5274
Br3Cs1Pb1,19.0833
Tb1Tl3,46.2722
Ge3Rh5,173.993
H1Ta2,198.06599999999997
B1Sc3Tl1,75.1667
F6Ge1Rb2,19.0778
Ho1Mg1,41.5833
Mg3Ni20P6,173.4
S1Se1U1,94.8747
Ca3N1Pb1,18.9278
B1C1Li1,154.076
N1Nd1,156.639
Au2Si2Yb1,88.9776
Ag2Ba1,24.3671
As1Cd1Pd5,150.695
Cu2Dy1Ge2,97.9549
Ge2W1,169.398
Co2Si1Ti1,148.178
Hf1Si1V1,158.765
H2.25La1,72.8583
Rh2Sn1,171.56900000000005
Nb3Pt1,200.567
Al18Mg3Mo2,88.7056
Ca1In4Pd1,54.4923
Ge1Ni1Ti1,154.33700000000005
Ca1S3Zr1,68.3669
O3Rb1U1,131.72799999999998
Cd1P2,56.5501
Au4Hf1,142.286
Dy1Os2,213.19099999999997
Au1K1Se2,20.217
Cl2Sr1,33.6611
C1Mg3Zn1,62.3111
Mn1Pt1Sb1,97.1889
O3Pb1Sr1,105.29799999999999
Dy1Hg3,63.3825
Cd1Cu4Er1,108.961
Cd1Zr2,79.9467
Pd1Sc1,107.133
Be1Cu1,139.489
As2Ni1U1,116.90799999999999
Li5N2Na1,61.4931
Be1Pd3,154.477
Hf1Tc2,237.674
Te12Th7,68.2287
Fe1Si1Zr1,165.084
F3Mg3N1,117.87200000000001
Hg1Ho1,70.2778
Se1Yb1,50.7944
Au2In2Sr1,60.1841
Bi5La3Sc1,53.0683
Cr2Hf1,185.433
Au1Nb3,176.45
Ge6Ir7Y4,157.906
Cr1N1Nb1,274.765
Cd1La2Rh2,77.658
Cu1Sb1Sr1,47.5113
Au2Tb1,95.6998
Ho1Rh1Zn1,121.796
Cs2Pt1,13.2204
Ge1Sc1,85.9741
Dy2Ge2Mg1,74.1739
In1Pd2Sc1,117.139
Ba1Pt5,150.032
Mg2Tb1,42.4772
Al1Au2Sc1,108.244
Al16Hf6Os7,165.09400000000005
B2Mo3,294.254
Tl3Y1,46.4056
Ru3U1,242.028
Pt1Sc1,135.47799999999998
As1Na3,25.8167
Er1Se1,83.7111
Cd1Li2Sb1,37.2389
Hg2Sr3,23.8286
F6S1,4.28333
Au2Ca1Ge2,67.5556
Er1Mg1Pd1,75.524
N1,275.231
Ir1Mo3,280.48900000000003
Br6Cs2Pt1,8.98333
Al1Ir1Th1,129.668
O2Sr1,74.7971
C2Dy1Ni1,160.686
Ir2La1,174.833
C1Nb2S1,190.613
F5Mn1Rb2,20.4749
Lu1Pb2,42.1057
Ge1Ni2Zn1,154.094
Na4Si23,75.6778
Hg11Rb1,14.3333
Ag1Bi1Yb1,41.6841
Ba1Zn1,21.4167
Ga1Sn3Zr5,108.79299999999999
O5Ta2,206.946
As1Nd1,67.7944
La2O2Te1,64.3318
Ir2S3Sn3,80.1394
Ag1Mg1,57.1778
Dy2Rh3Sn5,96.4456
Cd1Co1Dy4,51.9722
Be13Sb1,100.27799999999999
Al2Sr1,48.0667
Fe1Ga12Ho4,75.3556
Ag1Cu4U1,90.1778
Au3Er3Sb4,81.2833
Ca1Mn7O12,164.06
B1Ni3,233.75099999999998
Ce2Ni12P7,179.19799999999995
Ag2Tb1,66.2387
N2Se1Zr2,149.291
In3Sc1,62.9389
Br1F1Sr1,36.5448
Er1Pd1Tl1,80.7439
Ba1Ga2Se4,26.4531
Cd1La4Ru1,47.55
O5Ti3,164.44
Bi1Ni1Zr1,103.594
B4V3,265.906
Au2P3,80.8673
Be13Er1,113.156
Na3Sb1,20.6313
N3V2,273.883
Li1N2P1,135.649
Pt1Sb1Yb1,69.1222
Mo3Sb7,106.56700000000001
As2Ba2Cd1,35.1979
B3Co1W3,341.07199999999995
Cl6Rb2Zr1,9.227780000000001
As1Sn1,62.3889
Dy1Ga3,90.0722
F3Pd1Rb1,60.1944
Ni1Sb1Zr1,131.67
Al2Au2Sr1,71.0228
Au1In2Na3,23.6778
Rh1Si1,225.769
N2Ru1,252.79
H3Pd1Ti2,135.55100000000002
Ba1Se1,38.8944
S4Sn1Sr2,30.6184
Cd1O2,106.92200000000001
As1,84.6111
Cu1Nb3Te4,70.8251
N1V1,318.67
Ho2Rh3Sn5,97.1116
Cu2In1Y1,85.7722
C1Dy5Ge3,77.6066
Pt1Sb2,108.368
Al1N1Zr3,134.756
Co2Ga1Hf1,122.5
Nb1Pd3,194.813
Au1Mg1,78.2667
P2Ti1,127.227
H6Li2Pt1,34.0278
In2Ir1Li1,107.861
Ca3Ge13Ir4,99.3333
Er2Ni1Sn6,62.7274
Cl6Rb2Sn1,9.45556
Cl6Pb1Rb2,9.95556
Li1Sb1Sr1,33.7159
Ba2N2Zn1,52.9613
C8,310.589
Ag1As1Ba1,43.5877
Er1Pt2Si1,150.684
C1Ca1O3,59.191
Ho4Sb3,68.4611
Au1Ca3,24.75800000000001
Mn1Si1Tb1,96.2782
Ge1Rh1Ta1,212.442
Bi1Pd1Te1,72.5502
As2Ge1Zn1,59.0068
Mn1O3Y1,155.28799999999995
Os0.67W1.33,329.744
I2Pb1,6.670539999999999
Rh1Sn1Tb1,107.309
Gd1Mg1,62.5167
Ge2Rh2Th1,148.178
B1Bi1,74.7222
Cs1Cu1O2,31.2322
Dy1Se2,77.7037
Ge3Ir1Sr1,87.0683
Ag1O2Sc1,110.133
Hf1Rh1Si1,188.639
Ga2O4Zn1,173.45
Br1H4N1,18.0667
Ge1Pt1Y1,118.595
Er1H2,89.9389
Ca1Pd5,111.31700000000001
Dy2O7Ti2,185.922
Br6K2Se1,10.85
As1Hf1Ru1,196.213
Ag1Li1,37.1278
Sn1Te5Tl2,19.8206
As2Hf1,115.70700000000001
Au5K1,70.639
Ni2Sn1Ti1,152.122
I1La5Sn3,49.8865
Pt2Ta1,250.407
Ca1Ge1Mg1,47.8437
Nb3Te1,165.467
La4Pb3,45.3981
Pt3Th7,81.0679
Al18Mg3Ti2,76.5944
Er3Ge4,78.0387
Ho1Ir1Sn1,118.64
Pd1Y1Zn1,101.311
C2Ir1,323.499
Cr1Rh3,253.761
O1Sn1Sr3,44.3167
Bi1Ho1Pd1,79.7278
La1Sn2,50.4516
Ho1Pt3,177.59400000000005
Al18Cr2Mg3,87.9722
Co1Sn1Tb1,73.2521
Bi1Tb1,52.4889
Li3P1,39.7906
In1Th2,70.3504
Al1Er3N1,94.5722
In1Ni4Zr1,124.044
Hf1Ru1Si1,201.136
Ca3Cr1N3,85.6201
Al2Er1,82.5333
Ni5U1,131.822
Au1Ho1In1,84.6147
Sn4Th5,77.4402
Si6Sr1,74.5701
Ir1Si3Tb1,132.192
Ca1F6Pb1,50.4444
Er1P1Pd1,121.26799999999999
B12Ho1,218.68900000000002
Al3Ni2,133.439
As7Ho2Ni12,152.439
Al1Pt2,201.149
Pt3Yb1,134.042
Hf2Ho2O7,171.933
H5Rb3Zn1,15.0727
As1Rb3Se16,12.1108
Au2Cl6Cs2,34.0714
Ba2Cd1,14.3604
Nb1Pd2,196.467
Al1Cu1Er1,82.458
Pt1Sb1Tb1,100.06700000000001
Dy1In1,58.8278
Au1Pb1Tb1,70.9833
Au3Li1,87.3778
Hg1Sr1,29.1111
Th1Tl3,59.8667
Ho1Se1,82.6611
Er1P1,88.8
Ba1Bi1Na1,24.2806
Pt1Sb1Sc1,109.961
Eu1F2,66.6833
Co1Sb1Ta1,164.4
Ba1In4,34.8494
Au1Ca1Ga1,60.2652
Bi1La1,48.7889
Cs2.67O16Te5.33,103.689
Co2S6Ta9,126.43799999999999
Ga1In1O3,175.393
Ag1Na1O1,56.8722
F6Hf1K2,9.25
N1Rh2Zr4,161.078
B6Pu1,151.72799999999995
H15Th4,86.5944
Dy1Ge1Ir1,136.721
C2Ho1,119.045
Br1Mo1S1,49.7111
B1Ni6Si2,202.924
O2Rb1Sc1,91.3686
As1Mn1Ru1,142.222
Pt1Y3,56.3343
F3Sc1,85.1278
C2N2Zn1,44.9111
As2La1Rh2,129.317
Ba3O1Sn1,36.6278
Cu4O3,121.537
Ce1O4V1,105.792
F6Mn1Rb2,17.3611
Er1Mg1,42.7056
Ni1Sn1Ti1,134.161
N1Pa1,221.75
Mo1Pt1,266.832
Ba1Os4Sb12,97.9592
Cd1Cu1F4,89.1773
O3Sr1Tc1,166.967
Re4S4Te4,70.6333
La2S3,69.2979
Er1Rh1Sn1,110.449
Mn1P1Rh1,134.158
Dy2O7Tc2,186.52200000000002
Cl1La1Te1,54.7233
Pt1Sn1Th1,105.87799999999999
Au3Dy3Sb4,79.9833
Al1Si1Sr1,52.0558
Ca1Cs1F3,48.15
N1Ni2W3,302.144
Ru1Y3,60.942
Gd1O4P1,128.253
Ba2Sb1,23.5643
Ba1Pb1Zn1,30.1519
Dy1Pd3,133.561
K1Zn13,58.9222
Bi1Rh1,116.985
Rh1S2,124.531
Hg4Pt1,63.7778
O7Y2Zr2,160.711
Ba1S3,33.27
Rh1S1Sb1,117.59899999999999
Dy3In1N1,89.0667
Al1Tc2,225.171
Ir4Sc11,99.1
Mn1,54.3111
Pr1Te1,42.4111
Ru3Th7,81.9831
Ga1P1Pt5,212.71400000000003
Cd1Li2Pb1,32.6056
N3Nb4,281.967
Hf5P7Pd9,149.091
B4Mo1U1,228.02
Hf1Ru1,199.667
In3Lu1,72.5556
Ba1Bi1O3,107.411
Na2Se1,25.5444
Dy5Rh3,80.7106
Al1H3,35.0444
O6Os2Rb1,114.994
Br1Na1O3,25.365
As2Cu1Y1,89.8523
Be1Na1Sb1,35.177
As1Mg1Pt5,181.709
In9K1Ni2,42.4419
Bi4Cu4Mn3,56.8778
Au1La1Pb1,60.88399999999999
Hg1Pd1,110.92399999999999
Ca3N1Sb1,25.2222
Dy1Ga2Ni1,96.8957
La1Ru1Si3,115.68
Au1Sn4,46.8635
Li2Mg1Pb1,30.8333
Al1Co2Ta1,135.261
As1Pb3Zr5,102.19200000000001
As2Ni2U1,137.59
Dy1Ge1Sn1,67.4281
Cl1La1Se1,61.6726
Si2V1,167.91299999999995
Bi2Co1Hf6,114.145
As2Pd1,109.55799999999999
Ba1Pt1Si1,73.8934
Pd2Sb2Sr1,75.5398
F6Ni1Rb2,17.8944
Al20Pr1V2,103.0
Dy1H2,86.1833
Co1In8Y2,62.7405
Al1Hf1,117.73100000000001
Ir3V1,316.728
Ca1Ge2Rh2,105.568
Be2W1,216.044
Ba1P2Ru2,90.3965
As2Hf3,135.013
Cr2S4Zn1,83.8333
Ge13Rh4Y3,107.77799999999999
Ba1S1,41.4
Er1Si1,94.8216
In1N1Tb3,86.5944
As1Li1Zn1,54.4611
Au2Y1,94.7765
C2U1W1,223.62099999999998
Ca1In1Rh1,68.7184
Br1In1,13.9493
Co1Ti2,137.828
Au1Ca1P1,67.7393
Co1Si2,181.989
Pt3Tl2,115.0
Au2Sc1,112.559
Hg1Sc1,76.7611
Sc1Si1,99.3502
Ag1Yb1,28.0056
C2Cd1N2,33.3278
Pt1Sc1Sn1,114.95200000000001
Ir1Sn1,151.753
Ag1Mg1Y1,53.5309
Al1Ni2V1,211.389
Ge1Hf1Rh1,168.076
Pd2Si2Yb1,100.11
C2Dy1,117.374
Os1Sb2,128.12
Br3Cs1Hg1,23.5111
Pb2Y1,53.3937
Ba1Fe1O3,120.98299999999999
Cd1Cu1Dy1,66.1885
Mg3Ru2,107.939
B12U1,241.739
Al2Ca1,56.3278
Hf1Ir1Sn1,165.49099999999999
Hf2La2O7,164.97799999999995
Ca1Cs1H3,24.25
Ba1Mg2Si2,49.7584
As1Dy1Pd1,105.508
Ru1Sb1,141.575
Cd1Cr2Se4,62.4944
Pu1Te1,57.8056
N1Re3,378.036
Al2O4Zn1,186.856
Bi1Ho1,54.5889
Au2Dy1Si2,114.791
Al3Ti1,126.58
La3Te4,51.6222
S2Y1,90.9669
B1Er1Rh3,183.894
Cd1F3Rb1,56.8111
Al1Li1Te2,27.9597
As1Pt5Tl1,163.105
Co1Ge1Ti1,162.90200000000004
Ca1Ge2,50.7354
Cl1O1Y1,74.9141
H6Ru1Sr2,51.0389
Ir2Tb1,198.933
Ir2N1Zr4,179.90599999999995
Cu1Hf5Pb3,109.819
Ge13Ir4Tb3,126.294
Cu1Ga1O2,152.366
Er1Pt1Zn1,107.242
Be13Dy1,112.367
Pt2Tb1,163.55
Ir1P2,191.21900000000002
Ce1,27.3944
La1Sb1,52.2611
Cu2Ge2Tb1,95.1506
Ca1In2Pd1,54.6428
Ba1Te3,22.8583
Ga1Sn1Sr1,37.5946
Na1,9.12427
Bi1Rh1Se1,99.9372
Ga1Ho3O6,141.463
Cu1Ga1Zr1,118.171
Er2Mg1Se4,52.9444
Rh1Yb1,65.4028
Ba1Be2N2,98.3637
Li1Pd1,77.9087
F6Pd1Rb2,14.1889
B2C1Sc1,187.19099999999997
Ba6Si46,76.6944
C1Os2Zr4,185.261
Ca2H6Ru1,59.25
Al1Pd5,149.56799999999996
Co2Si3Zr3,131.641
Cs1In3,21.6987
Bi1Cu1Sr1,41.3074
Ir1Sc2,111.194
He2Ne1,3.7703699999999998
La1P12Ru4,158.871
Au1Mg1Sn1,64.0667
Ga1Pt1Ti1,149.243
In1Pd1Y1,87.8742
Hf1Pb1S3,26.2191
Cl4Li2Zn1,33.3278
Li1Mn1O2,101.771
Er1Pd3,131.70600000000002
Au1O2Sc1,125.637
Al1Y1Zn1,68.7043
B12Tb1,220.65599999999998
Cu3Pt1,159.392
Cd1Mn2O4,115.134
Br2H12Sr7,37.7601
In1La1Zn1,54.6187
K1O3Ta1,184.63299999999998
Ba1Pb6Rh3,58.6317
Cl6Pd1Rb2,10.1778
B1P1,162.387
Au1Dy1Sn1,76.9205
P3Tc2,179.947
Fe1P1V1,243.892
Rh1V1,162.889
Ge2Ir3La1,179.37599999999995
Mo2Zr1,189.05599999999998
La1P2Ru2,118.988
Br5Pb2Rb1,13.3059
Mg1Sc2Se4,56.3389
Ba1C2,41.0331
In8Ir1Yb2,50.4086
Fe2W1,191.453
Ge1Ir1Sc1,149.475
Cl1Na1,24.8944
Ca1P2Ru2,103.02
Ag1Dy1Ge1,80.1779
Sb3Yb5,36.0812
Cu1S4Zr2,84.5389
Mn1Ni4Y1,115.789
Rh1Te1,115.962
Ge2La1Rh1,99.67399999999999
Ge4La1Rh6,171.7
As1Te1,62.7889
Ag2Dy1,68.9932
Al1Rh1Th1,121.52
Ca2Sb1,35.2138
Nb1Se4,47.882
Ni1P3,73.9516
Al1F6K3,39.4778
Ge1Th1,86.7611
Ga3Ru1Y1,111.506
Fe1Ti1,176.84400000000005
Rh1Si3Th1,134.774
Al1Au1Y1,87.15
Au1Y1,82.7944
Al1Ho1Ni1,94.5549
Hf6Ni16Si7,191.233
Cd1Dy2Te4,40.6389
Cl6Pt1Tl2,14.0778
Ag2Y1,67.433
Ga3Ni5,167.532
Br5Cs1Sn2,8.936689999999997
Ho3Tl5,53.4482
Ce1Pb3,54.8639
La1Pd2Si2,120.681
Hf2O7Y2,169.083
Cu2Ga1Sc1,99.3278
Au1Bi1Ca1,48.65
Al2Os1,191.858
Fe1Sb2Zr6,105.706
Ca1In2O4,122.301
Pt2Sr1,118.12200000000001
B1C5,376.10699999999997
H3Ni1Yb1,94.1111
Fe1P1Ta4,185.86
Ba2Hg1,15.9586
Cd1In2Se4,52.5111
Co1Ge1Ta1,144.315
B1Ir6Zr2,269.959
Al2Ni1Y1,95.177
H2Pu1,62.4722
Rb3Sb1Se3,12.0881
Pd1Sb1,103.89
Nb1O2,238.50400000000002
Al3Os2,205.208
In1Pd1,117.87200000000001
Fe1Rh2S4,107.51100000000001
Ce1O7P2,104.947
Ga3U1,63.5528
Se1Sr1,41.0111
Ni1Si1Th1,124.48200000000001
Co1S1Sb1,98.8648
Ga1Nb1Ni2,162.45600000000005
Er1Ga1Rh1,120.15100000000001
Pb3Th1,58.45
Li23Sr6,12.8167
B1Ta1,277.103
Rh3Th1,151.29399999999995
Cl3Mn1Tl1,34.0389
N2Zn3,139.843
La2O7Zr2,155.689
Nb1Pt2,239.25900000000001
P3Pd1,103.236
P2Pt5,188.64700000000002
B1La1Rh3,167.544
C1Ru3Sc1,231.66099999999997
Ir1Sn4,67.3123
Al2Hg1Se4,62.1833
C1Pb1Y3,43.0611
In1Pd2Th2,99.5067
Dy1Ge2Rh2,136.035
Pd1Ti2,136.053
Pd1Sc1Zn1,100.766
Bi1Cu1Yb1,42.6794
Co1Si2Tb1,124.838
Ni1Sn1Th1,95.9333
Al7Cu16Zr6,126.14399999999999
Be22W1,133.083
Co1Si3Th1,131.03799999999998
Co1Ta2,217.475
Mn1Pd2,120.679
Ag1Br2Cs1,16.2151
Cd11Na2,32.9737
Br6Cs2Te1,7.78333
Ge1Mg2,41.2556
F2H1K1,24.9762
O3Pb1Ti1,168.59400000000005
Al16Ru7Zr6,146.033
B4Er1Rh4,228.62599999999998
As1Dy1,77.1889
B4Mn1,263.73900000000003
Cr2Ga1N1,110.617
Cd2Y1,56.6826
Pd1Se2,28.2849
Cu4In1Sc1,105.961
Sn3Th1,65.2278
Gd1N1,150.433
Pd3S1,105.435
Al1Si1Y1,87.846
Al1Cr1Cu2,103.611
Cd13Cs1,39.6333
Rh1Si1Ta1,240.88099999999997
Ag2Sn2Sr1,44.6979
Ni2Si1Zn3,130.344
Al1Se2Tl1,26.9027
Mn1Sc2Se4,57.7667
C2Si1Ti3,181.388
In1Li1O2,95.6054
B1Nb1Ni1,233.91099999999997
Cd1Rh1Tb4,60.1333
Ag1Pb1Y1,63.7335
B1Co1Re1,251.479
Ge1Nb1Pt1,188.96200000000002
La3Tl5,48.3255
B3V2,273.143
Er1Sb1,60.6722
Ge1Pd1Ti1,144.37
Ir2Sr1,144.328
Ru1Se2,128.40200000000002
As3La4,61.5407
P1Pt5Sn1,189.63400000000001
Cl1O4Rb1,13.3722
Ir3Th7,86.0959
Cs2I6Sn1,7.1444399999999995
As1Na1,42.4969
B1Dy1Rh3,179.122
Ag1Pb1Tb1,61.7026
In1Ir1Li2,84.6556
Hf1Si2,130.464
Nb4O5,228.78900000000002
Au1In1La1,68.2084
Gd2O2Se1,104.346
P1Rh1Se1,140.945
Ho2O7Ru2,189.472
Li1O4Ti2,124.77799999999999
Er1Pt1Sn1,110.39399999999999
N0.2V0.6Zn0.4,183.078
Ba2Bi3,31.7497
Ag1Se1Tl1,34.6652
La1Pd1Tl1,73.0263
Ni4Sc1Sn1,126.77799999999999
Mo1Se2,33.3673
F4Si1,5.6555599999999995
Au1Sc1Si1,107.238
Nb1Ru3,239.21099999999998
Hg1La1,52.4333
F6Pb1Zr1,74.5071
Bi1O3Sc1,143.244
Mo1Pt2Si3,195.937
Br1O4Y3,103.29899999999999
Hf1Ni2Sb1,154.486
Ni2Ta1,208.084
Rb2Se1,13.8333
Ga1Tb1,63.6311
Ag1Sr1,27.1099
Li1Pd2Sn6,59.2839
Ba1N2Zr1,104.11
Nb3Os1,225.283
Er1Pb1Pd1,84.2982
Ba1O3Ru1,108.04799999999999
Au4Ho1,109.15
O6Rh2U1,191.75
Ga1Pt1Th1,115.891
Co1O4Rh2,178.778
Bi1Cs3O3,15.7584
Fe1Te1,32.3845
Ge6Rh7Sc4,148.028
H2Th1,90.7406
As2Ba1Pd2,76.328
Bi1Ni1Y1,83.6722
Au1Dy1Pb1,71.3278
Al1O4P1,121.645
B2Ir3Th1,253.862
Ge3Y5,70.829
Ga4Sr1,48.3873
Cd2Tb1,56.6537
Ni2Si2Zr1,168.7
Al16Hf6Pt7,146.267
Pd3Ta1,207.727
Cd1P1Pt5,195.584
Ge6Ir7Yb4,128.922
In1Mg3,44.25
S3Sn1Sr1,49.2477
Cr1Ge1Nb1,189.668
Cs1H3Mg1,24.0836
K1O6Os2,110.811
Ag2In1Sc1,78.8722
Cr1Ho1O4,127.12299999999999
Hf1Ni2Si2,180.49
K10Pb48,30.5778
K2Te1,13.0667
Dy1Rh5,181.91
B6Ru1Y2,199.972
B1Rh3Y1,181.583
C1Sn1Ti2,129.381
O4P1Sc1,147.41
Bi2Mg1O6,120.28299999999999
Al2O3,230.69799999999998
Ni1Sc1,103.96700000000001
Na1Pt2,122.51100000000001
As1In1Pt5,192.079
Dy1Ir1Si1,141.547
B1Ce1Rh3,205.611
Hf2Zn1,107.809
Mo1Na2O4,51.4056
C1Dy3Pb1,78.45
B6Yb1,159.572
Pd2Si1Y1,126.191
Ge3Tb5,70.3279
Ba1P2Rh2,90.8289
Dy1Rh3Si2,176.926
Re1Si1Zr1,206.361
Ge2Hf1,121.109
Pt1Sn1Ti1,132.111
Cd1Ni4Y1,117.37799999999999
Pt1Sn2,88.2611
Al3C3Dy1,158.119
Co5Y1,84.3919
Pt5Se4,132.39600000000002
Ag1Li2Sb1,44.0278
Nb1O3Sr1,171.9
Cr1La1O3,180.05
Ho1Sn2,58.8458
Co1Y1,48.0344
Ho1Rh1,117.27799999999999
Dy1In1Pt2,123.975
Pa3Sb4,83.2611
N1P1V3,218.355
Lu2Mn1S4,65.7013
In1Pd1Sr1,53.2715
Al1Fe2V1,210.97799999999998
Al1C1Ti3,149.256
Cd1O1,91.9685
B28,223.14700000000002
Th2Zn1,68.0921
Ca5Sb3,36.4109
Ge1Ni2O4,183.489
Ca1Li1Si2,48.8646
Cd1S4Sc2,69.5722
Cu1Ir2S4,108.73299999999999
Ga1Pt1,164.415
Pb13Rh4Sr3,55.0111
Ni16Si7Ti6,192.9
In1Li1Sn1,33.9056
O3Pb1Tc1,140.52200000000002
As1Cu1K2,22.4376
Al8Er1Mn4,132.41299999999998
Dy1Ru2Si2,154.545
Dy1P1,86.9389
Mg2Rh1,69.3327
C1Rh3Tb1,197.333
Mo3N1Ni2,265.844
Er1Rh2,158.38299999999995
In3Y1,60.1944
Cu9Ga4,118.55
La1Tl3,43.6889
Ca4Cl6O1,38.6551
Dy3Ge13Ru4,111.794
Ni1O6Ta2,187.72099999999998
Na1S1,25.728
Bi1K3Te3,10.2746
Ca3N3V1,85.9194
Ge1Ho1Rh1,118.99
Dy1Pt1Sn1,107.788
As2Si1,79.6275
Li10Pb3,21.5111
Cs3I9Sb2,8.44548
Ca2O7Ta2,148.233
Al4Cu9,118.161
Al0.4C0.2Mo0.6,221.206
B6Re1Y2,205.59
Cd2Pd1Sr1,45.5315
Er2Ni12P7,180.55
F6Li1V2,77.5726
Ga1La1Pt1,91.5926
B12Y1,217.678
Al2Ba1Ge2,52.2293
Cu1Sc1,82.0
Al1Hf1Pd2,156.983
Br4Si1,0.666667
As1Na3Se3,18.794
Se1Th1,93.9722
Er2Pb1Pd2,85.0512
Cl1Rb1,16.6
Cu2Sb1,89.6924
Al2Li1Pt1,123.76700000000001
Ge3Ru2Tb3,100.329
B1Sn3Zr5,107.65899999999999
Cl6Rb2Se1,10.1889
As2Zn3,59.2778
Na2O1,47.15
Au1Tb2,58.3923
Dy1S1,97.8944
Al1C3Ta4,235.71599999999998
Ga2Se4Sr1,29.3315
F6Na1P1,21.1111
Mg1Ru1Sn4,72.0692
O2Pb1,133.589
B1Rh3Tb1,180.33900000000003
B2Co3Y1,178.696
Al0.4C0.2Nb0.6,188.739
Rh1Sn1Th1,116.811
Cd1Sc2Se4,57.2
H1Rh1,215.047
Cr2Hg1O4,154.25
Ba1O3Th1,99.2694
Ho1Te1,65.1611
Co2Fe1In1,95.7
O2Te1,144.156
Hf1Pt1Si1,193.774
Cl1Cs1O4,10.7389
Au3Rb2,29.8058
Rh1Y1,112.89399999999999
Pd4S1,132.49
In2S6Zn3,54.7105
Ge1N2Sr2,61.4443
Ge13Rh4Tb3,108.73299999999999
Au2Hf1In1,127.62200000000001
B1Rh3Sc1,194.36700000000002
Co1Se2,96.2853
Pd2Sc1Sn1,118.917
Ag2In1Mg1,64.3944
Cd2Ho1,59.0107
Cu1P1Sr1,65.1628
Dy1Rh1Zn1,119.821
Pt1Tl2,68.3399
Cu2Se1,83.3778
Er2O7Ti2,187.31099999999998
In2Te4Zn1,25.441999999999997
B12Th1,231.011
Al4Ba1,50.9005
In1Ir1Tb4,42.0778
In1La3N1,65.8722
Sb1Ti3,104.822
Be5Co1,147.672
F4Pb1Pd1,64.1358
In2Pt1,94.9556
Mg1Sr1,20.2667
H2Hf2Pd1,144.132
Rh1Th1,114.68299999999999
As1Pd5Sb1,137.506
Cd3Y1,58.8556
Os2Sc1,241.532
Ho1Pd3S4,104.73899999999999
C1Ga1Ti2,140.791
B4Ho1Rh4,227.86
Ru1Si1Ti1,189.90099999999998
Er1In3,63.8
Ir7Sc4Si6,186.578
In1P1Pt5,203.398
Sn3Yb1,40.4278
Fe2S6Ta9,119.61399999999999
As3Yb4,54.0056
Au1Pb1Y1,70.3944
F4Sn1,41.7668
B6Th1,196.85
Ge1Mn1Pd1,100.066
Cl6Cs2Zr1,7.40556
Cu3Sb4Y3,75.8833
Pt3Y1,171.456
Sc1,55.8657
B1Pt2Y1,153.584
Ag1Ga1S2,56.5078
Hg1Pt1,147.942
Al2I1La2,47.2802
Se4Y2Zn1,54.9611
La1Pt2,147.222
Ga12Pd1Tb4,78.9111
Co4Ge13Lu3,110.428
Au3Na1Si1,66.1058
Cu1Er1,78.5
Nb3Se4,78.0287
Al2Se4Zn1,67.1389
Ag1Zn1,79.8833
Er1Ni1P1,132.002
O7Ti2Y2,182.45
P1Ru1Ti1,216.274
H1N1Sr1,79.6349
Be1H3Na1,60.8333
Mg6Mn1O8,135.61700000000002
Ir2Pr1,192.606
Ca1N2O6,12.6517
Rh1Zn1,174.267
Hf1Sb1,100.852
La1Os4P12,174.097
Bi1Li1Mg1,31.5889
Pt2Si2Y1,154.977
La1Rh2Si2,128.857
Al2S4Sr1,35.5171
Cu1In1O2,122.671
P2Zn3,71.7889
Ba1Na1P1,34.048
Cd1Pt1,137.23
Sb4Th3,76.9389
Si136,61.4778
Al2Hf1,119.26799999999999
In1Pd1Th1,98.34299999999999
Ir1P1Sr1,100.007
Cd1Se4Yb2,48.9389
Au4Ti1,132.046
Al1C1Gd3,80.65
Co1V3,206.111
Se1Tb1,79.3278
Au1Ba1P1,54.1567
Cr1Ni1Sb1,95.8667
P1Sn3Zr5,109.086
Ge2Tb1,69.946
Cu1O2Sc1,129.387
Ag2Hg1I4,12.7002
Cd2Sr1,33.3482
Ho1Pd1Sb1,70.8556
Co1Dy1Ge2,108.788
Bi1Dy1Pt1,92.2056
Ba1O1,66.7786
Pd1Sn3Sr1,54.4473
As1Hg1Pd5,133.798
Ca3Ir4Si4,132.1
La10O3Si8,79.1518
Ge1P1,76.484
Bi2Ir2O7,181.517
Mn1Pd2Sb1,114.26700000000001
Nb1Ru1,212.49400000000003
Au1Er1Ni4,135.511
As1Ca2,36.9974
As4O6,5.66667
Ir3Pa1,257.789
B6Ni21U2,229.267
C1Pu1Rh3,180.25
N1Sc1,189.322
As2Sc3,84.9777
Lu1Pt1Sb1,112.094
Be13La1,105.76100000000001
N2S1Zr2,159.74200000000005
Hf5Sb3Zn1,119.705
C1Ru3V1,271.967
Er1Pt1Sb1,102.822
La1Sn1,55.0253
Ag1Te1Tl1,35.5085
As2Th1,89.0809
Pd3Pu1,172.028
O4Pt3,210.86700000000002
Cu1Mg1Y1,59.1007
Ag3I1S1,39.7649
Bi1Dy1Pd1,80.2444
In2Pt3,130.002
Sb1Ta3,181.55599999999998
Ga1Mn1Ti2,139.45
C1Ce1,130.533
Li2Pt1,65.0435
Li3Sb1,32.8667
Cl1F1Yb1,52.023
Ag1Ga1Te2,38.0463
